Elapsed Time (us),Slant Range (km),Elevation (degrees),Path Loss (dB),Atmospheric Loss (dB),Rainfall Loss (dB),Pointing Loss (dB),Doppler Shift (Hz),Link Margin (dB)
2026-07-18 01:03:17.002000 UTC,832.372,85.6818,0,0,0,0,6545.51,188.176
2026-07-18 01:03:17.003000 UTC,832.372,85.682,0,0,0,0,6543.94,188.176
2026-07-18 01:03:17.004000 UTC,832.372,85.6823,0,0,0,0,6542.37,188.176
2026-07-18 01:03:17.005000 UTC,832.371,85.6825,0,0,0,0,6540.8,188.176
2026-07-18 01:03:17.006000 UTC,832.371,85.6828,0,0,0,0,6539.23,188.176
2026-07-18 01:03:17.007000 UTC,832.371,85.683,0,0,0,0,6537.66,188.176
2026-07-18 01:03:17.008000 UTC,832.371,85.6833,0,0,0,0,6536.09,188.176
2026-07-18 01:03:17.009000 UTC,832.37,85.6835,0,0,0,0,6534.52,188.176
2026-07-18 01:03:17.010000 UTC,832.37,85.6838,0,0,0,0,6532.94,188.176
2026-07-18 01:03:17.011000 UTC,832.37,85.684,0,0,0,0,6531.37,188.176
2026-07-18 01:03:17.012000 UTC,832.37,85.6843,0,0,0,0,6529.8,188.176
2026-07-18 01:03:17.013000 UTC,832.369,85.6845,0,0,0,0,6528.23,188.176
2026-07-18 01:03:17.014000 UTC,832.369,85.6848,0,0,0,0,6526.66,188.176
2026-07-18 01:03:17.015000 UTC,832.369,85.685,0,0,0,0,6525.09,188.176
2026-07-18 01:03:17.016000 UTC,832.369,85.6853,0,0,0,0,6523.52,188.176
2026-07-18 01:03:17.017000 UTC,832.368,85.6855,0,0,0,0,6521.95,188.176
2026-07-18 01:03:17.018000 UTC,832.368,85.6858,0,0,0,0,6520.38,188.176
2026-07-18 01:03:17.019000 UTC,832.368,85.686,0,0,0,0,6518.81,188.176
2026-07-18 01:03:17.020000 UTC,832.368,85.6863,0,0,0,0,6517.23,188.176
2026-07-18 01:03:17.021000 UTC,832.367,85.6865,0,0,0,0,6515.66,188.176
2026-07-18 01:03:17.022000 UTC,832.367,85.6868,0,0,0,0,6514.09,188.176
2026-07-18 01:03:17.023000 UTC,832.367,85.687,0,0,0,0,6512.52,188.176
2026-07-18 01:03:17.024000 UTC,832.367,85.6872,0,0,0,0,6510.95,188.176
2026-07-18 01:03:17.025000 UTC,832.366,85.6875,0,0,0,0,6509.38,188.176
2026-07-18 01:03:17.026000 UTC,832.366,85.6877,0,0,0,0,6507.81,188.176
2026-07-18 01:03:17.027000 UTC,832.366,85.688,0,0,0,0,6506.24,188.176
2026-07-18 01:03:17.028000 UTC,832.366,85.6882,0,0,0,0,6504.67,188.176
2026-07-18 01:03:17.029000 UTC,832.365,85.6885,0,0,0,0,6503.09,188.176
2026-07-18 01:03:17.030000 UTC,832.365,85.6887,0,0,0,0,6501.52,188.176
2026-07-18 01:03:17.031000 UTC,832.365,85.689,0,0,0,0,6499.95,188.176
2026-07-18 01:03:17.032000 UTC,832.365,85.6892,0,0,0,0,6498.38,188.176
2026-07-18 01:03:17.033000 UTC,832.364,85.6895,0,0,0,0,6496.81,188.176
2026-07-18 01:03:17.034000 UTC,832.364,85.6897,0,0,0,0,6495.24,188.176
2026-07-18 01:03:17.035000 UTC,832.364,85.69,0,0,0,0,6493.67,188.176
2026-07-18 01:03:17.036000 UTC,832.364,85.6902,0,0,0,0,6492.1,188.176
2026-07-18 01:03:17.037000 UTC,832.363,85.6905,0,0,0,0,6490.53,188.176
2026-07-18 01:03:17.038000 UTC,832.363,85.6907,0,0,0,0,6488.95,188.176
2026-07-18 01:03:17.039000 UTC,832.363,85.691,0,0,0,0,6487.38,188.176
2026-07-18 01:03:17.040000 UTC,832.363,85.6912,0,0,0,0,6485.81,188.176
2026-07-18 01:03:17.041000 UTC,832.362,85.6915,0,0,0,0,6484.24,188.176
2026-07-18 01:03:17.042000 UTC,832.362,85.6917,0,0,0,0,6482.67,188.176
2026-07-18 01:03:17.043000 UTC,832.362,85.6919,0,0,0,0,6481.1,188.176
2026-07-18 01:03:17.044000 UTC,832.362,85.6922,0,0,0,0,6479.53,188.176
2026-07-18 01:03:17.045000 UTC,832.361,85.6924,0,0,0,0,6477.96,188.176
2026-07-18 01:03:17.046000 UTC,832.361,85.6927,0,0,0,0,6476.39,188.176
2026-07-18 01:03:17.047000 UTC,832.361,85.6929,0,0,0,0,6474.82,188.176
2026-07-18 01:03:17.048000 UTC,832.361,85.6932,0,0,0,0,6473.24,188.176
2026-07-18 01:03:17.049000 UTC,832.36,85.6934,0,0,0,0,6471.67,188.176
2026-07-18 01:03:17.050000 UTC,832.36,85.6937,0,0,0,0,6470.1,188.176
2026-07-18 01:03:17.051000 UTC,832.36,85.6939,0,0,0,0,6468.53,188.176
2026-07-18 01:03:17.052000 UTC,832.36,85.6942,0,0,0,0,6466.96,188.176
2026-07-18 01:03:17.053000 UTC,832.359,85.6944,0,0,0,0,6465.39,188.176
2026-07-18 01:03:17.054000 UTC,832.359,85.6947,0,0,0,0,6463.82,188.176
2026-07-18 01:03:17.055000 UTC,832.359,85.6949,0,0,0,0,6462.25,188.176
2026-07-18 01:03:17.056000 UTC,832.359,85.6951,0,0,0,0,6460.67,188.176
2026-07-18 01:03:17.057000 UTC,832.359,85.6954,0,0,0,0,6459.1,188.176
2026-07-18 01:03:17.058000 UTC,832.358,85.6956,0,0,0,0,6457.53,188.176
2026-07-18 01:03:17.059000 UTC,832.358,85.6959,0,0,0,0,6455.96,188.176
2026-07-18 01:03:17.060000 UTC,832.358,85.6961,0,0,0,0,6454.39,188.176
2026-07-18 01:03:17.061000 UTC,832.358,85.6964,0,0,0,0,6452.82,188.176
2026-07-18 01:03:17.062000 UTC,832.357,85.6966,0,0,0,0,6451.25,188.176
2026-07-18 01:03:17.063000 UTC,832.357,85.6969,0,0,0,0,6449.68,188.176
2026-07-18 01:03:17.064000 UTC,832.357,85.6971,0,0,0,0,6448.11,188.176
2026-07-18 01:03:17.065000 UTC,832.357,85.6974,0,0,0,0,6446.54,188.176
2026-07-18 01:03:17.066000 UTC,832.356,85.6976,0,0,0,0,6444.96,188.176
2026-07-18 01:03:17.067000 UTC,832.356,85.6978,0,0,0,0,6443.39,188.176
2026-07-18 01:03:17.068000 UTC,832.356,85.6981,0,0,0,0,6441.82,188.176
2026-07-18 01:03:17.069000 UTC,832.356,85.6983,0,0,0,0,6440.25,188.176
2026-07-18 01:03:17.070000 UTC,832.355,85.6986,0,0,0,0,6438.68,188.176
2026-07-18 01:03:17.071000 UTC,832.355,85.6988,0,0,0,0,6437.11,188.176
2026-07-18 01:03:17.072000 UTC,832.355,85.6991,0,0,0,0,6435.54,188.176
2026-07-18 01:03:17.073000 UTC,832.355,85.6993,0,0,0,0,6433.97,188.176
2026-07-18 01:03:17.074000 UTC,832.354,85.6996,0,0,0,0,6432.4,188.176
2026-07-18 01:03:17.075000 UTC,832.354,85.6998,0,0,0,0,6430.82,188.176
2026-07-18 01:03:17.076000 UTC,832.354,85.7001,0,0,0,0,6429.25,188.176
2026-07-18 01:03:17.077000 UTC,832.354,85.7003,0,0,0,0,6427.68,188.176
2026-07-18 01:03:17.078000 UTC,832.353,85.7005,0,0,0,0,6426.11,188.176
2026-07-18 01:03:17.079000 UTC,832.353,85.7008,0,0,0,0,6424.54,188.176
2026-07-18 01:03:17.080000 UTC,832.353,85.701,0,0,0,0,6422.97,188.176
2026-07-18 01:03:17.081000 UTC,832.353,85.7013,0,0,0,0,6421.4,188.176
2026-07-18 01:03:17.082000 UTC,832.352,85.7015,0,0,0,0,6419.83,188.176
2026-07-18 01:03:17.083000 UTC,832.352,85.7018,0,0,0,0,6418.25,188.176
2026-07-18 01:03:17.084000 UTC,832.352,85.702,0,0,0,0,6416.68,188.176
2026-07-18 01:03:17.085000 UTC,832.352,85.7023,0,0,0,0,6415.11,188.176
2026-07-18 01:03:17.086000 UTC,832.351,85.7025,0,0,0,0,6413.54,188.176
2026-07-18 01:03:17.087000 UTC,832.351,85.7027,0,0,0,0,6411.97,188.176
2026-07-18 01:03:17.088000 UTC,832.351,85.703,0,0,0,0,6410.4,188.176
2026-07-18 01:03:17.089000 UTC,832.351,85.7032,0,0,0,0,6408.83,188.176
2026-07-18 01:03:17.090000 UTC,832.35,85.7035,0,0,0,0,6407.26,188.176
2026-07-18 01:03:17.091000 UTC,832.35,85.7037,0,0,0,0,6405.69,188.176
2026-07-18 01:03:17.092000 UTC,832.35,85.704,0,0,0,0,6404.11,188.176
2026-07-18 01:03:17.093000 UTC,832.35,85.7042,0,0,0,0,6402.54,188.176
2026-07-18 01:03:17.094000 UTC,832.349,85.7045,0,0,0,0,6400.97,188.176
2026-07-18 01:03:17.095000 UTC,832.349,85.7047,0,0,0,0,6399.4,188.176
2026-07-18 01:03:17.096000 UTC,832.349,85.7049,0,0,0,0,6397.83,188.176
2026-07-18 01:03:17.097000 UTC,832.349,85.7052,0,0,0,0,6396.26,188.176
2026-07-18 01:03:17.098000 UTC,832.348,85.7054,0,0,0,0,6394.69,188.176
2026-07-18 01:03:17.099000 UTC,832.348,85.7057,0,0,0,0,6393.12,188.176
2026-07-18 01:03:17.100000 UTC,832.348,85.7059,0,0,0,0,6391.55,188.176
2026-07-18 01:03:17.101000 UTC,832.348,85.7062,0,0,0,0,6389.97,188.176
2026-07-18 01:03:17.102000 UTC,832.347,85.7064,0,0,0,0,6388.4,188.176
2026-07-18 01:03:17.103000 UTC,832.347,85.7067,0,0,0,0,6386.83,188.176
2026-07-18 01:03:17.104000 UTC,832.347,85.7069,0,0,0,0,6385.26,188.176
2026-07-18 01:03:17.105000 UTC,832.347,85.7071,0,0,0,0,6383.69,188.176
2026-07-18 01:03:17.106000 UTC,832.346,85.7074,0,0,0,0,6382.12,188.176
2026-07-18 01:03:17.107000 UTC,832.346,85.7076,0,0,0,0,6380.55,188.176
2026-07-18 01:03:17.108000 UTC,832.346,85.7079,0,0,0,0,6378.98,188.176
2026-07-18 01:03:17.109000 UTC,832.346,85.7081,0,0,0,0,6377.4,188.176
2026-07-18 01:03:17.110000 UTC,832.345,85.7084,0,0,0,0,6375.83,188.176
2026-07-18 01:03:17.111000 UTC,832.345,85.7086,0,0,0,0,6374.26,188.176
2026-07-18 01:03:17.112000 UTC,832.345,85.7088,0,0,0,0,6372.69,188.176
2026-07-18 01:03:17.113000 UTC,832.345,85.7091,0,0,0,0,6371.12,188.176
2026-07-18 01:03:17.114000 UTC,832.344,85.7093,0,0,0,0,6369.55,188.176
2026-07-18 01:03:17.115000 UTC,832.344,85.7096,0,0,0,0,6367.98,188.176
2026-07-18 01:03:17.116000 UTC,832.344,85.7098,0,0,0,0,6366.41,188.176
2026-07-18 01:03:17.117000 UTC,832.344,85.7101,0,0,0,0,6364.83,188.176
2026-07-18 01:03:17.118000 UTC,832.343,85.7103,0,0,0,0,6363.26,188.176
2026-07-18 01:03:17.119000 UTC,832.343,85.7105,0,0,0,0,6361.69,188.176
2026-07-18 01:03:17.120000 UTC,832.343,85.7108,0,0,0,0,6360.12,188.176
2026-07-18 01:03:17.121000 UTC,832.343,85.711,0,0,0,0,6358.55,188.176
2026-07-18 01:03:17.122000 UTC,832.343,85.7113,0,0,0,0,6356.98,188.176
2026-07-18 01:03:17.123000 UTC,832.342,85.7115,0,0,0,0,6355.41,188.176
2026-07-18 01:03:17.124000 UTC,832.342,85.7118,0,0,0,0,6353.84,188.176
2026-07-18 01:03:17.125000 UTC,832.342,85.712,0,0,0,0,6352.26,188.176
2026-07-18 01:03:17.126000 UTC,832.342,85.7122,0,0,0,0,6350.69,188.176
2026-07-18 01:03:17.127000 UTC,832.341,85.7125,0,0,0,0,6349.12,188.176
2026-07-18 01:03:17.128000 UTC,832.341,85.7127,0,0,0,0,6347.55,188.176
2026-07-18 01:03:17.129000 UTC,832.341,85.713,0,0,0,0,6345.98,188.176
2026-07-18 01:03:17.130000 UTC,832.341,85.7132,0,0,0,0,6344.41,188.176
2026-07-18 01:03:17.131000 UTC,832.34,85.7135,0,0,0,0,6342.84,188.176
2026-07-18 01:03:17.132000 UTC,832.34,85.7137,0,0,0,0,6341.27,188.176
2026-07-18 01:03:17.133000 UTC,832.34,85.7139,0,0,0,0,6339.7,188.176
2026-07-18 01:03:17.134000 UTC,832.34,85.7142,0,0,0,0,6338.12,188.176
2026-07-18 01:03:17.135000 UTC,832.339,85.7144,0,0,0,0,6336.55,188.176
2026-07-18 01:03:17.136000 UTC,832.339,85.7147,0,0,0,0,6334.98,188.176
2026-07-18 01:03:17.137000 UTC,832.339,85.7149,0,0,0,0,6333.41,188.176
2026-07-18 01:03:17.138000 UTC,832.339,85.7152,0,0,0,0,6331.84,188.176
2026-07-18 01:03:17.139000 UTC,832.338,85.7154,0,0,0,0,6330.27,188.176
2026-07-18 01:03:17.140000 UTC,832.338,85.7156,0,0,0,0,6328.7,188.176
2026-07-18 01:03:17.141000 UTC,832.338,85.7159,0,0,0,0,6327.13,188.176
2026-07-18 01:03:17.142000 UTC,832.338,85.7161,0,0,0,0,6325.55,188.176
2026-07-18 01:03:17.143000 UTC,832.337,85.7164,0,0,0,0,6323.98,188.176
2026-07-18 01:03:17.144000 UTC,832.337,85.7166,0,0,0,0,6322.41,188.176
2026-07-18 01:03:17.145000 UTC,832.337,85.7168,0,0,0,0,6320.84,188.176
2026-07-18 01:03:17.146000 UTC,832.337,85.7171,0,0,0,0,6319.27,188.176
2026-07-18 01:03:17.147000 UTC,832.336,85.7173,0,0,0,0,6317.7,188.176
2026-07-18 01:03:17.148000 UTC,832.336,85.7176,0,0,0,0,6316.13,188.176
2026-07-18 01:03:17.149000 UTC,832.336,85.7178,0,0,0,0,6314.56,188.176
2026-07-18 01:03:17.150000 UTC,832.336,85.7181,0,0,0,0,6312.98,188.176
2026-07-18 01:03:17.151000 UTC,832.335,85.7183,0,0,0,0,6311.41,188.176
2026-07-18 01:03:17.152000 UTC,832.335,85.7185,0,0,0,0,6309.84,188.176
2026-07-18 01:03:17.153000 UTC,832.335,85.7188,0,0,0,0,6308.27,188.176
2026-07-18 01:03:17.154000 UTC,832.335,85.719,0,0,0,0,6306.7,188.176
2026-07-18 01:03:17.155000 UTC,832.335,85.7193,0,0,0,0,6305.13,188.176
2026-07-18 01:03:17.156000 UTC,832.334,85.7195,0,0,0,0,6303.56,188.176
2026-07-18 01:03:17.157000 UTC,832.334,85.7197,0,0,0,0,6301.99,188.176
2026-07-18 01:03:17.158000 UTC,832.334,85.72,0,0,0,0,6300.41,188.176
2026-07-18 01:03:17.159000 UTC,832.334,85.7202,0,0,0,0,6298.84,188.176
2026-07-18 01:03:17.160000 UTC,832.333,85.7205,0,0,0,0,6297.27,188.176
2026-07-18 01:03:17.161000 UTC,832.333,85.7207,0,0,0,0,6295.7,188.176
2026-07-18 01:03:17.162000 UTC,832.333,85.7209,0,0,0,0,6294.13,188.176
2026-07-18 01:03:17.163000 UTC,832.333,85.7212,0,0,0,0,6292.56,188.176
2026-07-18 01:03:17.164000 UTC,832.332,85.7214,0,0,0,0,6290.99,188.176
2026-07-18 01:03:17.165000 UTC,832.332,85.7217,0,0,0,0,6289.42,188.176
2026-07-18 01:03:17.166000 UTC,832.332,85.7219,0,0,0,0,6287.84,188.176
2026-07-18 01:03:17.167000 UTC,832.332,85.7222,0,0,0,0,6286.27,188.176
2026-07-18 01:03:17.168000 UTC,832.331,85.7224,0,0,0,0,6284.7,188.176
2026-07-18 01:03:17.169000 UTC,832.331,85.7226,0,0,0,0,6283.13,188.176
2026-07-18 01:03:17.170000 UTC,832.331,85.7229,0,0,0,0,6281.56,188.176
2026-07-18 01:03:17.171000 UTC,832.331,85.7231,0,0,0,0,6279.99,188.176
2026-07-18 01:03:17.172000 UTC,832.33,85.7234,0,0,0,0,6278.42,188.176
2026-07-18 01:03:17.173000 UTC,832.33,85.7236,0,0,0,0,6276.85,188.176
2026-07-18 01:03:17.174000 UTC,832.33,85.7238,0,0,0,0,6275.27,188.176
2026-07-18 01:03:17.175000 UTC,832.33,85.7241,0,0,0,0,6273.7,188.176
2026-07-18 01:03:17.176000 UTC,832.329,85.7243,0,0,0,0,6272.13,188.176
2026-07-18 01:03:17.177000 UTC,832.329,85.7246,0,0,0,0,6270.56,188.176
2026-07-18 01:03:17.178000 UTC,832.329,85.7248,0,0,0,0,6268.99,188.176
2026-07-18 01:03:17.179000 UTC,832.329,85.725,0,0,0,0,6267.42,188.176
2026-07-18 01:03:17.180000 UTC,832.328,85.7253,0,0,0,0,6265.85,188.176
2026-07-18 01:03:17.181000 UTC,832.328,85.7255,0,0,0,0,6264.28,188.176
2026-07-18 01:03:17.182000 UTC,832.328,85.7258,0,0,0,0,6262.7,188.176
2026-07-18 01:03:17.183000 UTC,832.328,85.726,0,0,0,0,6261.13,188.176
2026-07-18 01:03:17.184000 UTC,832.328,85.7262,0,0,0,0,6259.56,188.176
2026-07-18 01:03:17.185000 UTC,832.327,85.7265,0,0,0,0,6257.99,188.176
2026-07-18 01:03:17.186000 UTC,832.327,85.7267,0,0,0,0,6256.42,188.176
2026-07-18 01:03:17.187000 UTC,832.327,85.727,0,0,0,0,6254.85,188.176
2026-07-18 01:03:17.188000 UTC,832.327,85.7272,0,0,0,0,6253.28,188.176
2026-07-18 01:03:17.189000 UTC,832.326,85.7274,0,0,0,0,6251.71,188.176
2026-07-18 01:03:17.190000 UTC,832.326,85.7277,0,0,0,0,6250.13,188.176
2026-07-18 01:03:17.191000 UTC,832.326,85.7279,0,0,0,0,6248.56,188.176
2026-07-18 01:03:17.192000 UTC,832.326,85.7282,0,0,0,0,6246.99,188.176
2026-07-18 01:03:17.193000 UTC,832.325,85.7284,0,0,0,0,6245.42,188.176
2026-07-18 01:03:17.194000 UTC,832.325,85.7286,0,0,0,0,6243.85,188.176
2026-07-18 01:03:17.195000 UTC,832.325,85.7289,0,0,0,0,6242.28,188.176
2026-07-18 01:03:17.196000 UTC,832.325,85.7291,0,0,0,0,6240.71,188.176
2026-07-18 01:03:17.197000 UTC,832.324,85.7294,0,0,0,0,6239.13,188.176
2026-07-18 01:03:17.198000 UTC,832.324,85.7296,0,0,0,0,6237.56,188.176
2026-07-18 01:03:17.199000 UTC,832.324,85.7298,0,0,0,0,6235.99,188.176
2026-07-18 01:03:17.200000 UTC,832.324,85.7301,0,0,0,0,6234.42,188.176
2026-07-18 01:03:17.201000 UTC,832.323,85.7303,0,0,0,0,6232.85,188.176
2026-07-18 01:03:17.202000 UTC,832.323,85.7305,0,0,0,0,6231.28,188.176
2026-07-18 01:03:17.203000 UTC,832.323,85.7308,0,0,0,0,6229.71,188.176
2026-07-18 01:03:17.204000 UTC,832.323,85.731,0,0,0,0,6228.14,188.176
2026-07-18 01:03:17.205000 UTC,832.322,85.7313,0,0,0,0,6226.56,188.176
2026-07-18 01:03:17.206000 UTC,832.322,85.7315,0,0,0,0,6224.99,188.176
2026-07-18 01:03:17.207000 UTC,832.322,85.7317,0,0,0,0,6223.42,188.176
2026-07-18 01:03:17.208000 UTC,832.322,85.732,0,0,0,0,6221.85,188.176
2026-07-18 01:03:17.209000 UTC,832.322,85.7322,0,0,0,0,6220.28,188.176
2026-07-18 01:03:17.210000 UTC,832.321,85.7325,0,0,0,0,6218.71,188.176
2026-07-18 01:03:17.211000 UTC,832.321,85.7327,0,0,0,0,6217.14,188.176
2026-07-18 01:03:17.212000 UTC,832.321,85.7329,0,0,0,0,6215.57,188.176
2026-07-18 01:03:17.213000 UTC,832.321,85.7332,0,0,0,0,6213.99,188.176
2026-07-18 01:03:17.214000 UTC,832.32,85.7334,0,0,0,0,6212.42,188.176
2026-07-18 01:03:17.215000 UTC,832.32,85.7336,0,0,0,0,6210.85,188.176
2026-07-18 01:03:17.216000 UTC,832.32,85.7339,0,0,0,0,6209.28,188.176
2026-07-18 01:03:17.217000 UTC,832.32,85.7341,0,0,0,0,6207.71,188.176
2026-07-18 01:03:17.218000 UTC,832.319,85.7344,0,0,0,0,6206.14,188.176
2026-07-18 01:03:17.219000 UTC,832.319,85.7346,0,0,0,0,6204.57,188.176
2026-07-18 01:03:17.220000 UTC,832.319,85.7348,0,0,0,0,6202.99,188.176
2026-07-18 01:03:17.221000 UTC,832.319,85.7351,0,0,0,0,6201.42,188.176
2026-07-18 01:03:17.222000 UTC,832.318,85.7353,0,0,0,0,6199.85,188.176
2026-07-18 01:03:17.223000 UTC,832.318,85.7356,0,0,0,0,6198.28,188.176
2026-07-18 01:03:17.224000 UTC,832.318,85.7358,0,0,0,0,6196.71,188.176
2026-07-18 01:03:17.225000 UTC,832.318,85.736,0,0,0,0,6195.14,188.176
2026-07-18 01:03:17.226000 UTC,832.317,85.7363,0,0,0,0,6193.57,188.176
2026-07-18 01:03:17.227000 UTC,832.317,85.7365,0,0,0,0,6191.99,188.176
2026-07-18 01:03:17.228000 UTC,832.317,85.7367,0,0,0,0,6190.42,188.176
2026-07-18 01:03:17.229000 UTC,832.317,85.737,0,0,0,0,6188.85,188.176
2026-07-18 01:03:17.230000 UTC,832.317,85.7372,0,0,0,0,6187.28,188.176
2026-07-18 01:03:17.231000 UTC,832.316,85.7375,0,0,0,0,6185.71,188.176
2026-07-18 01:03:17.232000 UTC,832.316,85.7377,0,0,0,0,6184.14,188.176
2026-07-18 01:03:17.233000 UTC,832.316,85.7379,0,0,0,0,6182.57,188.176
2026-07-18 01:03:17.234000 UTC,832.316,85.7382,0,0,0,0,6181,188.176
2026-07-18 01:03:17.235000 UTC,832.315,85.7384,0,0,0,0,6179.42,188.176
2026-07-18 01:03:17.236000 UTC,832.315,85.7386,0,0,0,0,6177.85,188.176
2026-07-18 01:03:17.237000 UTC,832.315,85.7389,0,0,0,0,6176.28,188.176
2026-07-18 01:03:17.238000 UTC,832.315,85.7391,0,0,0,0,6174.71,188.176
2026-07-18 01:03:17.239000 UTC,832.314,85.7393,0,0,0,0,6173.14,188.176
2026-07-18 01:03:17.240000 UTC,832.314,85.7396,0,0,0,0,6171.57,188.176
2026-07-18 01:03:17.241000 UTC,832.314,85.7398,0,0,0,0,6170,188.176
2026-07-18 01:03:17.242000 UTC,832.314,85.7401,0,0,0,0,6168.42,188.176
2026-07-18 01:03:17.243000 UTC,832.313,85.7403,0,0,0,0,6166.85,188.176
2026-07-18 01:03:17.244000 UTC,832.313,85.7405,0,0,0,0,6165.28,188.176
2026-07-18 01:03:17.245000 UTC,832.313,85.7408,0,0,0,0,6163.71,188.176
2026-07-18 01:03:17.246000 UTC,832.313,85.741,0,0,0,0,6162.14,188.176
2026-07-18 01:03:17.247000 UTC,832.312,85.7412,0,0,0,0,6160.57,188.176
2026-07-18 01:03:17.248000 UTC,832.312,85.7415,0,0,0,0,6159,188.176
2026-07-18 01:03:17.249000 UTC,832.312,85.7417,0,0,0,0,6157.42,188.176
2026-07-18 01:03:17.250000 UTC,832.312,85.742,0,0,0,0,6155.85,188.176
2026-07-18 01:03:17.251000 UTC,832.312,85.7422,0,0,0,0,6154.28,188.176
2026-07-18 01:03:17.252000 UTC,832.311,85.7424,0,0,0,0,6152.71,188.176
2026-07-18 01:03:17.253000 UTC,832.311,85.7427,0,0,0,0,6151.14,188.176
2026-07-18 01:03:17.254000 UTC,832.311,85.7429,0,0,0,0,6149.57,188.176
2026-07-18 01:03:17.255000 UTC,832.311,85.7431,0,0,0,0,6148,188.176
2026-07-18 01:03:17.256000 UTC,832.31,85.7434,0,0,0,0,6146.43,188.176
2026-07-18 01:03:17.257000 UTC,832.31,85.7436,0,0,0,0,6144.85,188.176
2026-07-18 01:03:17.258000 UTC,832.31,85.7438,0,0,0,0,6143.28,188.176
2026-07-18 01:03:17.259000 UTC,832.31,85.7441,0,0,0,0,6141.71,188.176
2026-07-18 01:03:17.260000 UTC,832.309,85.7443,0,0,0,0,6140.14,188.176
2026-07-18 01:03:17.261000 UTC,832.309,85.7446,0,0,0,0,6138.57,188.176
2026-07-18 01:03:17.262000 UTC,832.309,85.7448,0,0,0,0,6137,188.176
2026-07-18 01:03:17.263000 UTC,832.309,85.745,0,0,0,0,6135.43,188.176
2026-07-18 01:03:17.264000 UTC,832.308,85.7453,0,0,0,0,6133.85,188.176
2026-07-18 01:03:17.265000 UTC,832.308,85.7455,0,0,0,0,6132.28,188.176
2026-07-18 01:03:17.266000 UTC,832.308,85.7457,0,0,0,0,6130.71,188.176
2026-07-18 01:03:17.267000 UTC,832.308,85.746,0,0,0,0,6129.14,188.176
2026-07-18 01:03:17.268000 UTC,832.308,85.7462,0,0,0,0,6127.57,188.176
2026-07-18 01:03:17.269000 UTC,832.307,85.7464,0,0,0,0,6126,188.176
2026-07-18 01:03:17.270000 UTC,832.307,85.7467,0,0,0,0,6124.43,188.176
2026-07-18 01:03:17.271000 UTC,832.307,85.7469,0,0,0,0,6122.85,188.176
2026-07-18 01:03:17.272000 UTC,832.307,85.7471,0,0,0,0,6121.28,188.176
2026-07-18 01:03:17.273000 UTC,832.306,85.7474,0,0,0,0,6119.71,188.176
2026-07-18 01:03:17.274000 UTC,832.306,85.7476,0,0,0,0,6118.14,188.176
2026-07-18 01:03:17.275000 UTC,832.306,85.7479,0,0,0,0,6116.57,188.176
2026-07-18 01:03:17.276000 UTC,832.306,85.7481,0,0,0,0,6115,188.176
2026-07-18 01:03:17.277000 UTC,832.305,85.7483,0,0,0,0,6113.43,188.176
2026-07-18 01:03:17.278000 UTC,832.305,85.7486,0,0,0,0,6111.85,188.176
2026-07-18 01:03:17.279000 UTC,832.305,85.7488,0,0,0,0,6110.28,188.176
2026-07-18 01:03:17.280000 UTC,832.305,85.749,0,0,0,0,6108.71,188.176
2026-07-18 01:03:17.281000 UTC,832.304,85.7493,0,0,0,0,6107.14,188.176
2026-07-18 01:03:17.282000 UTC,832.304,85.7495,0,0,0,0,6105.57,188.176
2026-07-18 01:03:17.283000 UTC,832.304,85.7497,0,0,0,0,6104,188.176
2026-07-18 01:03:17.284000 UTC,832.304,85.75,0,0,0,0,6102.43,188.176
2026-07-18 01:03:17.285000 UTC,832.304,85.7502,0,0,0,0,6100.85,188.176
2026-07-18 01:03:17.286000 UTC,832.303,85.7504,0,0,0,0,6099.28,188.176
2026-07-18 01:03:17.287000 UTC,832.303,85.7507,0,0,0,0,6097.71,188.176
2026-07-18 01:03:17.288000 UTC,832.303,85.7509,0,0,0,0,6096.14,188.176
2026-07-18 01:03:17.289000 UTC,832.303,85.7511,0,0,0,0,6094.57,188.176
2026-07-18 01:03:17.290000 UTC,832.302,85.7514,0,0,0,0,6093,188.176
2026-07-18 01:03:17.291000 UTC,832.302,85.7516,0,0,0,0,6091.43,188.176
2026-07-18 01:03:17.292000 UTC,832.302,85.7518,0,0,0,0,6089.85,188.176
2026-07-18 01:03:17.293000 UTC,832.302,85.7521,0,0,0,0,6088.28,188.176
2026-07-18 01:03:17.294000 UTC,832.301,85.7523,0,0,0,0,6086.71,188.176
2026-07-18 01:03:17.295000 UTC,832.301,85.7525,0,0,0,0,6085.14,188.176
2026-07-18 01:03:17.296000 UTC,832.301,85.7528,0,0,0,0,6083.57,188.176
2026-07-18 01:03:17.297000 UTC,832.301,85.753,0,0,0,0,6082,188.176
2026-07-18 01:03:17.298000 UTC,832.301,85.7532,0,0,0,0,6080.43,188.176
2026-07-18 01:03:17.299000 UTC,832.3,85.7535,0,0,0,0,6078.85,188.176
2026-07-18 01:03:17.300000 UTC,832.3,85.7537,0,0,0,0,6077.28,188.176
2026-07-18 01:03:17.301000 UTC,832.3,85.754,0,0,0,0,6075.71,188.176
2026-07-18 01:03:17.302000 UTC,832.3,85.7542,0,0,0,0,6074.14,188.176
2026-07-18 01:03:17.303000 UTC,832.299,85.7544,0,0,0,0,6072.57,188.176
2026-07-18 01:03:17.304000 UTC,832.299,85.7547,0,0,0,0,6071,188.176
2026-07-18 01:03:17.305000 UTC,832.299,85.7549,0,0,0,0,6069.43,188.176
2026-07-18 01:03:17.306000 UTC,832.299,85.7551,0,0,0,0,6067.85,188.176
2026-07-18 01:03:17.307000 UTC,832.298,85.7554,0,0,0,0,6066.28,188.176
2026-07-18 01:03:17.308000 UTC,832.298,85.7556,0,0,0,0,6064.71,188.176
2026-07-18 01:03:17.309000 UTC,832.298,85.7558,0,0,0,0,6063.14,188.176
2026-07-18 01:03:17.310000 UTC,832.298,85.7561,0,0,0,0,6061.57,188.176
2026-07-18 01:03:17.311000 UTC,832.297,85.7563,0,0,0,0,6060,188.176
2026-07-18 01:03:17.312000 UTC,832.297,85.7565,0,0,0,0,6058.43,188.176
2026-07-18 01:03:17.313000 UTC,832.297,85.7568,0,0,0,0,6056.85,188.176
2026-07-18 01:03:17.314000 UTC,832.297,85.757,0,0,0,0,6055.28,188.176
2026-07-18 01:03:17.315000 UTC,832.297,85.7572,0,0,0,0,6053.71,188.176
2026-07-18 01:03:17.316000 UTC,832.296,85.7575,0,0,0,0,6052.14,188.176
2026-07-18 01:03:17.317000 UTC,832.296,85.7577,0,0,0,0,6050.57,188.176
2026-07-18 01:03:17.318000 UTC,832.296,85.7579,0,0,0,0,6049,188.176
2026-07-18 01:03:17.319000 UTC,832.296,85.7582,0,0,0,0,6047.42,188.176
2026-07-18 01:03:17.320000 UTC,832.295,85.7584,0,0,0,0,6045.85,188.176
2026-07-18 01:03:17.321000 UTC,832.295,85.7586,0,0,0,0,6044.28,188.176
2026-07-18 01:03:17.322000 UTC,832.295,85.7589,0,0,0,0,6042.71,188.176
2026-07-18 01:03:17.323000 UTC,832.295,85.7591,0,0,0,0,6041.14,188.176
2026-07-18 01:03:17.324000 UTC,832.294,85.7593,0,0,0,0,6039.57,188.176
2026-07-18 01:03:17.325000 UTC,832.294,85.7596,0,0,0,0,6038,188.176
2026-07-18 01:03:17.326000 UTC,832.294,85.7598,0,0,0,0,6036.42,188.176
2026-07-18 01:03:17.327000 UTC,832.294,85.76,0,0,0,0,6034.85,188.176
2026-07-18 01:03:17.328000 UTC,832.294,85.7602,0,0,0,0,6033.28,188.176
2026-07-18 01:03:17.329000 UTC,832.293,85.7605,0,0,0,0,6031.71,188.176
2026-07-18 01:03:17.330000 UTC,832.293,85.7607,0,0,0,0,6030.14,188.176
2026-07-18 01:03:17.331000 UTC,832.293,85.7609,0,0,0,0,6028.57,188.176
2026-07-18 01:03:17.332000 UTC,832.293,85.7612,0,0,0,0,6027,188.176
2026-07-18 01:03:17.333000 UTC,832.292,85.7614,0,0,0,0,6025.42,188.176
2026-07-18 01:03:17.334000 UTC,832.292,85.7616,0,0,0,0,6023.85,188.176
2026-07-18 01:03:17.335000 UTC,832.292,85.7619,0,0,0,0,6022.28,188.176
2026-07-18 01:03:17.336000 UTC,832.292,85.7621,0,0,0,0,6020.71,188.176
2026-07-18 01:03:17.337000 UTC,832.291,85.7623,0,0,0,0,6019.14,188.176
2026-07-18 01:03:17.338000 UTC,832.291,85.7626,0,0,0,0,6017.57,188.176
2026-07-18 01:03:17.339000 UTC,832.291,85.7628,0,0,0,0,6016,188.176
2026-07-18 01:03:17.340000 UTC,832.291,85.763,0,0,0,0,6014.42,188.176
2026-07-18 01:03:17.341000 UTC,832.291,85.7633,0,0,0,0,6012.85,188.176
2026-07-18 01:03:17.342000 UTC,832.29,85.7635,0,0,0,0,6011.28,188.176
2026-07-18 01:03:17.343000 UTC,832.29,85.7637,0,0,0,0,6009.71,188.176
2026-07-18 01:03:17.344000 UTC,832.29,85.764,0,0,0,0,6008.14,188.176
2026-07-18 01:03:17.345000 UTC,832.29,85.7642,0,0,0,0,6006.57,188.176
2026-07-18 01:03:17.346000 UTC,832.289,85.7644,0,0,0,0,6004.99,188.176
2026-07-18 01:03:17.347000 UTC,832.289,85.7647,0,0,0,0,6003.42,188.176
2026-07-18 01:03:17.348000 UTC,832.289,85.7649,0,0,0,0,6001.85,188.176
2026-07-18 01:03:17.349000 UTC,832.289,85.7651,0,0,0,0,6000.28,188.176
2026-07-18 01:03:17.350000 UTC,832.288,85.7654,0,0,0,0,5998.71,188.176
2026-07-18 01:03:17.351000 UTC,832.288,85.7656,0,0,0,0,5997.14,188.176
2026-07-18 01:03:17.352000 UTC,832.288,85.7658,0,0,0,0,5995.57,188.176
2026-07-18 01:03:17.353000 UTC,832.288,85.766,0,0,0,0,5993.99,188.176
2026-07-18 01:03:17.354000 UTC,832.288,85.7663,0,0,0,0,5992.42,188.176
2026-07-18 01:03:17.355000 UTC,832.287,85.7665,0,0,0,0,5990.85,188.176
2026-07-18 01:03:17.356000 UTC,832.287,85.7667,0,0,0,0,5989.28,188.176
2026-07-18 01:03:17.357000 UTC,832.287,85.767,0,0,0,0,5987.71,188.176
2026-07-18 01:03:17.358000 UTC,832.287,85.7672,0,0,0,0,5986.14,188.176
2026-07-18 01:03:17.359000 UTC,832.286,85.7674,0,0,0,0,5984.57,188.176
2026-07-18 01:03:17.360000 UTC,832.286,85.7677,0,0,0,0,5982.99,188.176
2026-07-18 01:03:17.361000 UTC,832.286,85.7679,0,0,0,0,5981.42,188.176
2026-07-18 01:03:17.362000 UTC,832.286,85.7681,0,0,0,0,5979.85,188.176
2026-07-18 01:03:17.363000 UTC,832.285,85.7684,0,0,0,0,5978.28,188.176
2026-07-18 01:03:17.364000 UTC,832.285,85.7686,0,0,0,0,5976.71,188.176
2026-07-18 01:03:17.365000 UTC,832.285,85.7688,0,0,0,0,5975.14,188.176
2026-07-18 01:03:17.366000 UTC,832.285,85.7691,0,0,0,0,5973.56,188.176
2026-07-18 01:03:17.367000 UTC,832.285,85.7693,0,0,0,0,5971.99,188.176
2026-07-18 01:03:17.368000 UTC,832.284,85.7695,0,0,0,0,5970.42,188.176
2026-07-18 01:03:17.369000 UTC,832.284,85.7697,0,0,0,0,5968.85,188.176
2026-07-18 01:03:17.370000 UTC,832.284,85.77,0,0,0,0,5967.28,188.176
2026-07-18 01:03:17.371000 UTC,832.284,85.7702,0,0,0,0,5965.71,188.176
2026-07-18 01:03:17.372000 UTC,832.283,85.7704,0,0,0,0,5964.14,188.176
2026-07-18 01:03:17.373000 UTC,832.283,85.7707,0,0,0,0,5962.56,188.176
2026-07-18 01:03:17.374000 UTC,832.283,85.7709,0,0,0,0,5960.99,188.176
2026-07-18 01:03:17.375000 UTC,832.283,85.7711,0,0,0,0,5959.42,188.176
2026-07-18 01:03:17.376000 UTC,832.282,85.7714,0,0,0,0,5957.85,188.176
2026-07-18 01:03:17.377000 UTC,832.282,85.7716,0,0,0,0,5956.28,188.176
2026-07-18 01:03:17.378000 UTC,832.282,85.7718,0,0,0,0,5954.71,188.176
2026-07-18 01:03:17.379000 UTC,832.282,85.772,0,0,0,0,5953.13,188.176
2026-07-18 01:03:17.380000 UTC,832.282,85.7723,0,0,0,0,5951.56,188.176
2026-07-18 01:03:17.381000 UTC,832.281,85.7725,0,0,0,0,5949.99,188.176
2026-07-18 01:03:17.382000 UTC,832.281,85.7727,0,0,0,0,5948.42,188.176
2026-07-18 01:03:17.383000 UTC,832.281,85.773,0,0,0,0,5946.85,188.176
2026-07-18 01:03:17.384000 UTC,832.281,85.7732,0,0,0,0,5945.28,188.176
2026-07-18 01:03:17.385000 UTC,832.28,85.7734,0,0,0,0,5943.71,188.176
2026-07-18 01:03:17.386000 UTC,832.28,85.7737,0,0,0,0,5942.13,188.176
2026-07-18 01:03:17.387000 UTC,832.28,85.7739,0,0,0,0,5940.56,188.176
2026-07-18 01:03:17.388000 UTC,832.28,85.7741,0,0,0,0,5938.99,188.176
2026-07-18 01:03:17.389000 UTC,832.28,85.7743,0,0,0,0,5937.42,188.176
2026-07-18 01:03:17.390000 UTC,832.279,85.7746,0,0,0,0,5935.85,188.176
2026-07-18 01:03:17.391000 UTC,832.279,85.7748,0,0,0,0,5934.28,188.176
2026-07-18 01:03:17.392000 UTC,832.279,85.775,0,0,0,0,5932.7,188.176
2026-07-18 01:03:17.393000 UTC,832.279,85.7753,0,0,0,0,5931.13,188.176
2026-07-18 01:03:17.394000 UTC,832.278,85.7755,0,0,0,0,5929.56,188.176
2026-07-18 01:03:17.395000 UTC,832.278,85.7757,0,0,0,0,5927.99,188.176
2026-07-18 01:03:17.396000 UTC,832.278,85.7759,0,0,0,0,5926.42,188.176
2026-07-18 01:03:17.397000 UTC,832.278,85.7762,0,0,0,0,5924.85,188.176
2026-07-18 01:03:17.398000 UTC,832.277,85.7764,0,0,0,0,5923.28,188.176
2026-07-18 01:03:17.399000 UTC,832.277,85.7766,0,0,0,0,5921.7,188.176
2026-07-18 01:03:17.400000 UTC,832.277,85.7769,0,0,0,0,5920.13,188.176
2026-07-18 01:03:17.401000 UTC,832.277,85.7771,0,0,0,0,5918.56,188.176
2026-07-18 01:03:17.402000 UTC,832.277,85.7773,0,0,0,0,5916.99,188.176
2026-07-18 01:03:17.403000 UTC,832.276,85.7776,0,0,0,0,5915.42,188.176
2026-07-18 01:03:17.404000 UTC,832.276,85.7778,0,0,0,0,5913.85,188.176
2026-07-18 01:03:17.405000 UTC,832.276,85.778,0,0,0,0,5912.27,188.176
2026-07-18 01:03:17.406000 UTC,832.276,85.7782,0,0,0,0,5910.7,188.176
2026-07-18 01:03:17.407000 UTC,832.275,85.7785,0,0,0,0,5909.13,188.176
2026-07-18 01:03:17.408000 UTC,832.275,85.7787,0,0,0,0,5907.56,188.176
2026-07-18 01:03:17.409000 UTC,832.275,85.7789,0,0,0,0,5905.99,188.176
2026-07-18 01:03:17.410000 UTC,832.275,85.7792,0,0,0,0,5904.42,188.176
2026-07-18 01:03:17.411000 UTC,832.275,85.7794,0,0,0,0,5902.84,188.176
2026-07-18 01:03:17.412000 UTC,832.274,85.7796,0,0,0,0,5901.27,188.176
2026-07-18 01:03:17.413000 UTC,832.274,85.7798,0,0,0,0,5899.7,188.176
2026-07-18 01:03:17.414000 UTC,832.274,85.7801,0,0,0,0,5898.13,188.176
2026-07-18 01:03:17.415000 UTC,832.274,85.7803,0,0,0,0,5896.56,188.176
2026-07-18 01:03:17.416000 UTC,832.273,85.7805,0,0,0,0,5894.99,188.176
2026-07-18 01:03:17.417000 UTC,832.273,85.7807,0,0,0,0,5893.41,188.176
2026-07-18 01:03:17.418000 UTC,832.273,85.781,0,0,0,0,5891.84,188.176
2026-07-18 01:03:17.419000 UTC,832.273,85.7812,0,0,0,0,5890.27,188.176
2026-07-18 01:03:17.420000 UTC,832.272,85.7814,0,0,0,0,5888.7,188.176
2026-07-18 01:03:17.421000 UTC,832.272,85.7817,0,0,0,0,5887.13,188.176
2026-07-18 01:03:17.422000 UTC,832.272,85.7819,0,0,0,0,5885.56,188.176
2026-07-18 01:03:17.423000 UTC,832.272,85.7821,0,0,0,0,5883.99,188.176
2026-07-18 01:03:17.424000 UTC,832.272,85.7823,0,0,0,0,5882.41,188.176
2026-07-18 01:03:17.425000 UTC,832.271,85.7826,0,0,0,0,5880.84,188.176
2026-07-18 01:03:17.426000 UTC,832.271,85.7828,0,0,0,0,5879.27,188.176
2026-07-18 01:03:17.427000 UTC,832.271,85.783,0,0,0,0,5877.7,188.176
2026-07-18 01:03:17.428000 UTC,832.271,85.7833,0,0,0,0,5876.13,188.176
2026-07-18 01:03:17.429000 UTC,832.27,85.7835,0,0,0,0,5874.56,188.176
2026-07-18 01:03:17.430000 UTC,832.27,85.7837,0,0,0,0,5872.98,188.176
2026-07-18 01:03:17.431000 UTC,832.27,85.7839,0,0,0,0,5871.41,188.176
2026-07-18 01:03:17.432000 UTC,832.27,85.7842,0,0,0,0,5869.84,188.176
2026-07-18 01:03:17.433000 UTC,832.27,85.7844,0,0,0,0,5868.27,188.176
2026-07-18 01:03:17.434000 UTC,832.269,85.7846,0,0,0,0,5866.7,188.176
2026-07-18 01:03:17.435000 UTC,832.269,85.7848,0,0,0,0,5865.13,188.176
2026-07-18 01:03:17.436000 UTC,832.269,85.7851,0,0,0,0,5863.55,188.176
2026-07-18 01:03:17.437000 UTC,832.269,85.7853,0,0,0,0,5861.98,188.176
2026-07-18 01:03:17.438000 UTC,832.268,85.7855,0,0,0,0,5860.41,188.176
2026-07-18 01:03:17.439000 UTC,832.268,85.7858,0,0,0,0,5858.84,188.176
2026-07-18 01:03:17.440000 UTC,832.268,85.786,0,0,0,0,5857.27,188.176
2026-07-18 01:03:17.441000 UTC,832.268,85.7862,0,0,0,0,5855.7,188.176
2026-07-18 01:03:17.442000 UTC,832.268,85.7864,0,0,0,0,5854.12,188.176
2026-07-18 01:03:17.443000 UTC,832.267,85.7867,0,0,0,0,5852.55,188.176
2026-07-18 01:03:17.444000 UTC,832.267,85.7869,0,0,0,0,5850.98,188.176
2026-07-18 01:03:17.445000 UTC,832.267,85.7871,0,0,0,0,5849.41,188.176
2026-07-18 01:03:17.446000 UTC,832.267,85.7873,0,0,0,0,5847.84,188.176
2026-07-18 01:03:17.447000 UTC,832.266,85.7876,0,0,0,0,5846.27,188.176
2026-07-18 01:03:17.448000 UTC,832.266,85.7878,0,0,0,0,5844.69,188.176
2026-07-18 01:03:17.449000 UTC,832.266,85.788,0,0,0,0,5843.12,188.176
2026-07-18 01:03:17.450000 UTC,832.266,85.7882,0,0,0,0,5841.55,188.176
2026-07-18 01:03:17.451000 UTC,832.266,85.7885,0,0,0,0,5839.98,188.176
2026-07-18 01:03:17.452000 UTC,832.265,85.7887,0,0,0,0,5838.41,188.176
2026-07-18 01:03:17.453000 UTC,832.265,85.7889,0,0,0,0,5836.84,188.176
2026-07-18 01:03:17.454000 UTC,832.265,85.7892,0,0,0,0,5835.26,188.176
2026-07-18 01:03:17.455000 UTC,832.265,85.7894,0,0,0,0,5833.69,188.176
2026-07-18 01:03:17.456000 UTC,832.264,85.7896,0,0,0,0,5832.12,188.176
2026-07-18 01:03:17.457000 UTC,832.264,85.7898,0,0,0,0,5830.55,188.176
2026-07-18 01:03:17.458000 UTC,832.264,85.7901,0,0,0,0,5828.98,188.176
2026-07-18 01:03:17.459000 UTC,832.264,85.7903,0,0,0,0,5827.41,188.176
2026-07-18 01:03:17.460000 UTC,832.264,85.7905,0,0,0,0,5825.83,188.176
2026-07-18 01:03:17.461000 UTC,832.263,85.7907,0,0,0,0,5824.26,188.176
2026-07-18 01:03:17.462000 UTC,832.263,85.791,0,0,0,0,5822.69,188.176
2026-07-18 01:03:17.463000 UTC,832.263,85.7912,0,0,0,0,5821.12,188.176
2026-07-18 01:03:17.464000 UTC,832.263,85.7914,0,0,0,0,5819.55,188.176
2026-07-18 01:03:17.465000 UTC,832.262,85.7916,0,0,0,0,5817.98,188.176
2026-07-18 01:03:17.466000 UTC,832.262,85.7919,0,0,0,0,5816.4,188.176
2026-07-18 01:03:17.467000 UTC,832.262,85.7921,0,0,0,0,5814.83,188.176
2026-07-18 01:03:17.468000 UTC,832.262,85.7923,0,0,0,0,5813.26,188.176
2026-07-18 01:03:17.469000 UTC,832.261,85.7925,0,0,0,0,5811.69,188.176
2026-07-18 01:03:17.470000 UTC,832.261,85.7928,0,0,0,0,5810.12,188.176
2026-07-18 01:03:17.471000 UTC,832.261,85.793,0,0,0,0,5808.55,188.176
2026-07-18 01:03:17.472000 UTC,832.261,85.7932,0,0,0,0,5806.98,188.176
2026-07-18 01:03:17.473000 UTC,832.261,85.7934,0,0,0,0,5805.4,188.176
2026-07-18 01:03:17.474000 UTC,832.26,85.7937,0,0,0,0,5803.83,188.176
2026-07-18 01:03:17.475000 UTC,832.26,85.7939,0,0,0,0,5802.26,188.176
2026-07-18 01:03:17.476000 UTC,832.26,85.7941,0,0,0,0,5800.69,188.176
2026-07-18 01:03:17.477000 UTC,832.26,85.7943,0,0,0,0,5799.12,188.176
2026-07-18 01:03:17.478000 UTC,832.259,85.7946,0,0,0,0,5797.54,188.176
2026-07-18 01:03:17.479000 UTC,832.259,85.7948,0,0,0,0,5795.97,188.176
2026-07-18 01:03:17.480000 UTC,832.259,85.795,0,0,0,0,5794.4,188.176
2026-07-18 01:03:17.481000 UTC,832.259,85.7952,0,0,0,0,5792.83,188.176
2026-07-18 01:03:17.482000 UTC,832.259,85.7955,0,0,0,0,5791.26,188.176
2026-07-18 01:03:17.483000 UTC,832.258,85.7957,0,0,0,0,5789.69,188.176
2026-07-18 01:03:17.484000 UTC,832.258,85.7959,0,0,0,0,5788.11,188.176
2026-07-18 01:03:17.485000 UTC,832.258,85.7961,0,0,0,0,5786.54,188.176
2026-07-18 01:03:17.486000 UTC,832.258,85.7964,0,0,0,0,5784.97,188.176
2026-07-18 01:03:17.487000 UTC,832.257,85.7966,0,0,0,0,5783.4,188.176
2026-07-18 01:03:17.488000 UTC,832.257,85.7968,0,0,0,0,5781.83,188.176
2026-07-18 01:03:17.489000 UTC,832.257,85.797,0,0,0,0,5780.26,188.176
2026-07-18 01:03:17.490000 UTC,832.257,85.7973,0,0,0,0,5778.68,188.176
2026-07-18 01:03:17.491000 UTC,832.257,85.7975,0,0,0,0,5777.11,188.176
2026-07-18 01:03:17.492000 UTC,832.256,85.7977,0,0,0,0,5775.54,188.176
2026-07-18 01:03:17.493000 UTC,832.256,85.7979,0,0,0,0,5773.97,188.176
2026-07-18 01:03:17.494000 UTC,832.256,85.7982,0,0,0,0,5772.4,188.176
2026-07-18 01:03:17.495000 UTC,832.256,85.7984,0,0,0,0,5770.83,188.176
2026-07-18 01:03:17.496000 UTC,832.255,85.7986,0,0,0,0,5769.25,188.176
2026-07-18 01:03:17.497000 UTC,832.255,85.7988,0,0,0,0,5767.68,188.176
2026-07-18 01:03:17.498000 UTC,832.255,85.7991,0,0,0,0,5766.11,188.176
2026-07-18 01:03:17.499000 UTC,832.255,85.7993,0,0,0,0,5764.54,188.176
2026-07-18 01:03:17.500000 UTC,832.255,85.7995,0,0,0,0,5762.97,188.176
2026-07-18 01:03:17.501000 UTC,832.254,85.7997,0,0,0,0,5761.4,188.176
2026-07-18 01:03:17.502000 UTC,832.254,85.7999,0,0,0,0,5759.82,188.176
2026-07-18 01:03:17.503000 UTC,832.254,85.8002,0,0,0,0,5758.25,188.176
2026-07-18 01:03:17.504000 UTC,832.254,85.8004,0,0,0,0,5756.68,188.176
2026-07-18 01:03:17.505000 UTC,832.254,85.8006,0,0,0,0,5755.11,188.176
2026-07-18 01:03:17.506000 UTC,832.253,85.8008,0,0,0,0,5753.54,188.176
2026-07-18 01:03:17.507000 UTC,832.253,85.8011,0,0,0,0,5751.97,188.176
2026-07-18 01:03:17.508000 UTC,832.253,85.8013,0,0,0,0,5750.39,188.176
2026-07-18 01:03:17.509000 UTC,832.253,85.8015,0,0,0,0,5748.82,188.176
2026-07-18 01:03:17.510000 UTC,832.252,85.8017,0,0,0,0,5747.25,188.176
2026-07-18 01:03:17.511000 UTC,832.252,85.802,0,0,0,0,5745.68,188.176
2026-07-18 01:03:17.512000 UTC,832.252,85.8022,0,0,0,0,5744.11,188.176
2026-07-18 01:03:17.513000 UTC,832.252,85.8024,0,0,0,0,5742.53,188.176
2026-07-18 01:03:17.514000 UTC,832.252,85.8026,0,0,0,0,5740.96,188.176
2026-07-18 01:03:17.515000 UTC,832.251,85.8029,0,0,0,0,5739.39,188.176
2026-07-18 01:03:17.516000 UTC,832.251,85.8031,0,0,0,0,5737.82,188.176
2026-07-18 01:03:17.517000 UTC,832.251,85.8033,0,0,0,0,5736.25,188.176
2026-07-18 01:03:17.518000 UTC,832.251,85.8035,0,0,0,0,5734.68,188.176
2026-07-18 01:03:17.519000 UTC,832.25,85.8037,0,0,0,0,5733.1,188.176
2026-07-18 01:03:17.520000 UTC,832.25,85.804,0,0,0,0,5731.53,188.176
2026-07-18 01:03:17.521000 UTC,832.25,85.8042,0,0,0,0,5729.96,188.176
2026-07-18 01:03:17.522000 UTC,832.25,85.8044,0,0,0,0,5728.39,188.176
2026-07-18 01:03:17.523000 UTC,832.25,85.8046,0,0,0,0,5726.82,188.176
2026-07-18 01:03:17.524000 UTC,832.249,85.8049,0,0,0,0,5725.25,188.176
2026-07-18 01:03:17.525000 UTC,832.249,85.8051,0,0,0,0,5723.67,188.176
2026-07-18 01:03:17.526000 UTC,832.249,85.8053,0,0,0,0,5722.1,188.176
2026-07-18 01:03:17.527000 UTC,832.249,85.8055,0,0,0,0,5720.53,188.176
2026-07-18 01:03:17.528000 UTC,832.248,85.8057,0,0,0,0,5718.96,188.176
2026-07-18 01:03:17.529000 UTC,832.248,85.806,0,0,0,0,5717.39,188.176
2026-07-18 01:03:17.530000 UTC,832.248,85.8062,0,0,0,0,5715.82,188.176
2026-07-18 01:03:17.531000 UTC,832.248,85.8064,0,0,0,0,5714.24,188.176
2026-07-18 01:03:17.532000 UTC,832.248,85.8066,0,0,0,0,5712.67,188.176
2026-07-18 01:03:17.533000 UTC,832.247,85.8069,0,0,0,0,5711.1,188.176
2026-07-18 01:03:17.534000 UTC,832.247,85.8071,0,0,0,0,5709.53,188.176
2026-07-18 01:03:17.535000 UTC,832.247,85.8073,0,0,0,0,5707.96,188.176
2026-07-18 01:03:17.536000 UTC,832.247,85.8075,0,0,0,0,5706.39,188.176
2026-07-18 01:03:17.537000 UTC,832.246,85.8077,0,0,0,0,5704.81,188.176
2026-07-18 01:03:17.538000 UTC,832.246,85.808,0,0,0,0,5703.24,188.176
2026-07-18 01:03:17.539000 UTC,832.246,85.8082,0,0,0,0,5701.67,188.176
2026-07-18 01:03:17.540000 UTC,832.246,85.8084,0,0,0,0,5700.1,188.176
2026-07-18 01:03:17.541000 UTC,832.246,85.8086,0,0,0,0,5698.53,188.176
2026-07-18 01:03:17.542000 UTC,832.245,85.8089,0,0,0,0,5696.96,188.176
2026-07-18 01:03:17.543000 UTC,832.245,85.8091,0,0,0,0,5695.38,188.176
2026-07-18 01:03:17.544000 UTC,832.245,85.8093,0,0,0,0,5693.81,188.176
2026-07-18 01:03:17.545000 UTC,832.245,85.8095,0,0,0,0,5692.24,188.176
2026-07-18 01:03:17.546000 UTC,832.245,85.8097,0,0,0,0,5690.67,188.176
2026-07-18 01:03:17.547000 UTC,832.244,85.81,0,0,0,0,5689.1,188.176
2026-07-18 01:03:17.548000 UTC,832.244,85.8102,0,0,0,0,5687.52,188.176
2026-07-18 01:03:17.549000 UTC,832.244,85.8104,0,0,0,0,5685.95,188.176
2026-07-18 01:03:17.550000 UTC,832.244,85.8106,0,0,0,0,5684.38,188.176
2026-07-18 01:03:17.551000 UTC,832.243,85.8108,0,0,0,0,5682.81,188.176
2026-07-18 01:03:17.552000 UTC,832.243,85.8111,0,0,0,0,5681.24,188.176
2026-07-18 01:03:17.553000 UTC,832.243,85.8113,0,0,0,0,5679.67,188.176
2026-07-18 01:03:17.554000 UTC,832.243,85.8115,0,0,0,0,5678.09,188.176
2026-07-18 01:03:17.555000 UTC,832.243,85.8117,0,0,0,0,5676.52,188.176
2026-07-18 01:03:17.556000 UTC,832.242,85.812,0,0,0,0,5674.95,188.176
2026-07-18 01:03:17.557000 UTC,832.242,85.8122,0,0,0,0,5673.38,188.176
2026-07-18 01:03:17.558000 UTC,832.242,85.8124,0,0,0,0,5671.81,188.176
2026-07-18 01:03:17.559000 UTC,832.242,85.8126,0,0,0,0,5670.23,188.176
2026-07-18 01:03:17.560000 UTC,832.241,85.8128,0,0,0,0,5668.66,188.176
2026-07-18 01:03:17.561000 UTC,832.241,85.8131,0,0,0,0,5667.09,188.176
2026-07-18 01:03:17.562000 UTC,832.241,85.8133,0,0,0,0,5665.52,188.176
2026-07-18 01:03:17.563000 UTC,832.241,85.8135,0,0,0,0,5663.95,188.176
2026-07-18 01:03:17.564000 UTC,832.241,85.8137,0,0,0,0,5662.38,188.176
2026-07-18 01:03:17.565000 UTC,832.24,85.8139,0,0,0,0,5660.8,188.176
2026-07-18 01:03:17.566000 UTC,832.24,85.8142,0,0,0,0,5659.23,188.176
2026-07-18 01:03:17.567000 UTC,832.24,85.8144,0,0,0,0,5657.66,188.176
2026-07-18 01:03:17.568000 UTC,832.24,85.8146,0,0,0,0,5656.09,188.176
2026-07-18 01:03:17.569000 UTC,832.239,85.8148,0,0,0,0,5654.52,188.176
2026-07-18 01:03:17.570000 UTC,832.239,85.815,0,0,0,0,5652.95,188.176
2026-07-18 01:03:17.571000 UTC,832.239,85.8153,0,0,0,0,5651.37,188.176
2026-07-18 01:03:17.572000 UTC,832.239,85.8155,0,0,0,0,5649.8,188.176
2026-07-18 01:03:17.573000 UTC,832.239,85.8157,0,0,0,0,5648.23,188.176
2026-07-18 01:03:17.574000 UTC,832.238,85.8159,0,0,0,0,5646.66,188.176
2026-07-18 01:03:17.575000 UTC,832.238,85.8161,0,0,0,0,5645.09,188.176
2026-07-18 01:03:17.576000 UTC,832.238,85.8164,0,0,0,0,5643.51,188.176
2026-07-18 01:03:17.577000 UTC,832.238,85.8166,0,0,0,0,5641.94,188.176
2026-07-18 01:03:17.578000 UTC,832.238,85.8168,0,0,0,0,5640.37,188.176
2026-07-18 01:03:17.579000 UTC,832.237,85.817,0,0,0,0,5638.8,188.176
2026-07-18 01:03:17.580000 UTC,832.237,85.8172,0,0,0,0,5637.23,188.176
2026-07-18 01:03:17.581000 UTC,832.237,85.8175,0,0,0,0,5635.65,188.176
2026-07-18 01:03:17.582000 UTC,832.237,85.8177,0,0,0,0,5634.08,188.176
2026-07-18 01:03:17.583000 UTC,832.236,85.8179,0,0,0,0,5632.51,188.176
2026-07-18 01:03:17.584000 UTC,832.236,85.8181,0,0,0,0,5630.94,188.176
2026-07-18 01:03:17.585000 UTC,832.236,85.8183,0,0,0,0,5629.37,188.176
2026-07-18 01:03:17.586000 UTC,832.236,85.8186,0,0,0,0,5627.8,188.176
2026-07-18 01:03:17.587000 UTC,832.236,85.8188,0,0,0,0,5626.22,188.176
2026-07-18 01:03:17.588000 UTC,832.235,85.819,0,0,0,0,5624.65,188.176
2026-07-18 01:03:17.589000 UTC,832.235,85.8192,0,0,0,0,5623.08,188.176
2026-07-18 01:03:17.590000 UTC,832.235,85.8194,0,0,0,0,5621.51,188.176
2026-07-18 01:03:17.591000 UTC,832.235,85.8196,0,0,0,0,5619.94,188.176
2026-07-18 01:03:17.592000 UTC,832.235,85.8199,0,0,0,0,5618.37,188.176
2026-07-18 01:03:17.593000 UTC,832.234,85.8201,0,0,0,0,5616.79,188.176
2026-07-18 01:03:17.594000 UTC,832.234,85.8203,0,0,0,0,5615.22,188.176
2026-07-18 01:03:17.595000 UTC,832.234,85.8205,0,0,0,0,5613.65,188.176
2026-07-18 01:03:17.596000 UTC,832.234,85.8207,0,0,0,0,5612.08,188.176
2026-07-18 01:03:17.597000 UTC,832.233,85.821,0,0,0,0,5610.51,188.176
2026-07-18 01:03:17.598000 UTC,832.233,85.8212,0,0,0,0,5608.93,188.176
2026-07-18 01:03:17.599000 UTC,832.233,85.8214,0,0,0,0,5607.36,188.176
2026-07-18 01:03:17.600000 UTC,832.233,85.8216,0,0,0,0,5605.79,188.176
2026-07-18 01:03:17.601000 UTC,832.233,85.8218,0,0,0,0,5604.22,188.176
2026-07-18 01:03:17.602000 UTC,832.232,85.8221,0,0,0,0,5602.65,188.176
2026-07-18 01:03:17.603000 UTC,832.232,85.8223,0,0,0,0,5601.08,188.176
2026-07-18 01:03:17.604000 UTC,832.232,85.8225,0,0,0,0,5599.5,188.176
2026-07-18 01:03:17.605000 UTC,832.232,85.8227,0,0,0,0,5597.93,188.176
2026-07-18 01:03:17.606000 UTC,832.232,85.8229,0,0,0,0,5596.36,188.176
2026-07-18 01:03:17.607000 UTC,832.231,85.8231,0,0,0,0,5594.79,188.176
2026-07-18 01:03:17.608000 UTC,832.231,85.8234,0,0,0,0,5593.22,188.176
2026-07-18 01:03:17.609000 UTC,832.231,85.8236,0,0,0,0,5591.64,188.176
2026-07-18 01:03:17.610000 UTC,832.231,85.8238,0,0,0,0,5590.07,188.176
2026-07-18 01:03:17.611000 UTC,832.23,85.824,0,0,0,0,5588.5,188.176
2026-07-18 01:03:17.612000 UTC,832.23,85.8242,0,0,0,0,5586.93,188.176
2026-07-18 01:03:17.613000 UTC,832.23,85.8245,0,0,0,0,5585.36,188.176
2026-07-18 01:03:17.614000 UTC,832.23,85.8247,0,0,0,0,5583.78,188.176
2026-07-18 01:03:17.615000 UTC,832.23,85.8249,0,0,0,0,5582.21,188.176
2026-07-18 01:03:17.616000 UTC,832.229,85.8251,0,0,0,0,5580.64,188.176
2026-07-18 01:03:17.617000 UTC,832.229,85.8253,0,0,0,0,5579.07,188.176
2026-07-18 01:03:17.618000 UTC,832.229,85.8255,0,0,0,0,5577.5,188.176
2026-07-18 01:03:17.619000 UTC,832.229,85.8258,0,0,0,0,5575.93,188.176
2026-07-18 01:03:17.620000 UTC,832.229,85.826,0,0,0,0,5574.35,188.176
2026-07-18 01:03:17.621000 UTC,832.228,85.8262,0,0,0,0,5572.78,188.176
2026-07-18 01:03:17.622000 UTC,832.228,85.8264,0,0,0,0,5571.21,188.176
2026-07-18 01:03:17.623000 UTC,832.228,85.8266,0,0,0,0,5569.64,188.176
2026-07-18 01:03:17.624000 UTC,832.228,85.8268,0,0,0,0,5568.07,188.176
2026-07-18 01:03:17.625000 UTC,832.227,85.8271,0,0,0,0,5566.49,188.176
2026-07-18 01:03:17.626000 UTC,832.227,85.8273,0,0,0,0,5564.92,188.176
2026-07-18 01:03:17.627000 UTC,832.227,85.8275,0,0,0,0,5563.35,188.176
2026-07-18 01:03:17.628000 UTC,832.227,85.8277,0,0,0,0,5561.78,188.176
2026-07-18 01:03:17.629000 UTC,832.227,85.8279,0,0,0,0,5560.21,188.176
2026-07-18 01:03:17.630000 UTC,832.226,85.8282,0,0,0,0,5558.63,188.176
2026-07-18 01:03:17.631000 UTC,832.226,85.8284,0,0,0,0,5557.06,188.176
2026-07-18 01:03:17.632000 UTC,832.226,85.8286,0,0,0,0,5555.49,188.176
2026-07-18 01:03:17.633000 UTC,832.226,85.8288,0,0,0,0,5553.92,188.176
2026-07-18 01:03:17.634000 UTC,832.226,85.829,0,0,0,0,5552.35,188.176
2026-07-18 01:03:17.635000 UTC,832.225,85.8292,0,0,0,0,5550.78,188.176
2026-07-18 01:03:17.636000 UTC,832.225,85.8295,0,0,0,0,5549.2,188.176
2026-07-18 01:03:17.637000 UTC,832.225,85.8297,0,0,0,0,5547.63,188.176
2026-07-18 01:03:17.638000 UTC,832.225,85.8299,0,0,0,0,5546.06,188.176
2026-07-18 01:03:17.639000 UTC,832.224,85.8301,0,0,0,0,5544.49,188.176
2026-07-18 01:03:17.640000 UTC,832.224,85.8303,0,0,0,0,5542.92,188.176
2026-07-18 01:03:17.641000 UTC,832.224,85.8305,0,0,0,0,5541.34,188.176
2026-07-18 01:03:17.642000 UTC,832.224,85.8308,0,0,0,0,5539.77,188.176
2026-07-18 01:03:17.643000 UTC,832.224,85.831,0,0,0,0,5538.2,188.176
2026-07-18 01:03:17.644000 UTC,832.223,85.8312,0,0,0,0,5536.63,188.176
2026-07-18 01:03:17.645000 UTC,832.223,85.8314,0,0,0,0,5535.06,188.176
2026-07-18 01:03:17.646000 UTC,832.223,85.8316,0,0,0,0,5533.49,188.176
2026-07-18 01:03:17.647000 UTC,832.223,85.8318,0,0,0,0,5531.91,188.176
2026-07-18 01:03:17.648000 UTC,832.223,85.832,0,0,0,0,5530.34,188.176
2026-07-18 01:03:17.649000 UTC,832.222,85.8323,0,0,0,0,5528.77,188.176
2026-07-18 01:03:17.650000 UTC,832.222,85.8325,0,0,0,0,5527.2,188.176
2026-07-18 01:03:17.651000 UTC,832.222,85.8327,0,0,0,0,5525.63,188.176
2026-07-18 01:03:17.652000 UTC,832.222,85.8329,0,0,0,0,5524.05,188.176
2026-07-18 01:03:17.653000 UTC,832.221,85.8331,0,0,0,0,5522.48,188.176
2026-07-18 01:03:17.654000 UTC,832.221,85.8333,0,0,0,0,5520.91,188.176
2026-07-18 01:03:17.655000 UTC,832.221,85.8336,0,0,0,0,5519.34,188.176
2026-07-18 01:03:17.656000 UTC,832.221,85.8338,0,0,0,0,5517.77,188.176
2026-07-18 01:03:17.657000 UTC,832.221,85.834,0,0,0,0,5516.19,188.176
2026-07-18 01:03:17.658000 UTC,832.22,85.8342,0,0,0,0,5514.62,188.176
2026-07-18 01:03:17.659000 UTC,832.22,85.8344,0,0,0,0,5513.05,188.176
2026-07-18 01:03:17.660000 UTC,832.22,85.8346,0,0,0,0,5511.48,188.176
2026-07-18 01:03:17.661000 UTC,832.22,85.8349,0,0,0,0,5509.91,188.176
2026-07-18 01:03:17.662000 UTC,832.22,85.8351,0,0,0,0,5508.33,188.176
2026-07-18 01:03:17.663000 UTC,832.219,85.8353,0,0,0,0,5506.76,188.176
2026-07-18 01:03:17.664000 UTC,832.219,85.8355,0,0,0,0,5505.19,188.176
2026-07-18 01:03:17.665000 UTC,832.219,85.8357,0,0,0,0,5503.62,188.176
2026-07-18 01:03:17.666000 UTC,832.219,85.8359,0,0,0,0,5502.05,188.176
2026-07-18 01:03:17.667000 UTC,832.219,85.8361,0,0,0,0,5500.48,188.176
2026-07-18 01:03:17.668000 UTC,832.218,85.8364,0,0,0,0,5498.9,188.176
2026-07-18 01:03:17.669000 UTC,832.218,85.8366,0,0,0,0,5497.33,188.176
2026-07-18 01:03:17.670000 UTC,832.218,85.8368,0,0,0,0,5495.76,188.176
2026-07-18 01:03:17.671000 UTC,832.218,85.837,0,0,0,0,5494.19,188.176
2026-07-18 01:03:17.672000 UTC,832.217,85.8372,0,0,0,0,5492.62,188.176
2026-07-18 01:03:17.673000 UTC,832.217,85.8374,0,0,0,0,5491.04,188.176
2026-07-18 01:03:17.674000 UTC,832.217,85.8376,0,0,0,0,5489.47,188.176
2026-07-18 01:03:17.675000 UTC,832.217,85.8379,0,0,0,0,5487.9,188.176
2026-07-18 01:03:17.676000 UTC,832.217,85.8381,0,0,0,0,5486.33,188.176
2026-07-18 01:03:17.677000 UTC,832.216,85.8383,0,0,0,0,5484.76,188.176
2026-07-18 01:03:17.678000 UTC,832.216,85.8385,0,0,0,0,5483.18,188.176
2026-07-18 01:03:17.679000 UTC,832.216,85.8387,0,0,0,0,5481.61,188.176
2026-07-18 01:03:17.680000 UTC,832.216,85.8389,0,0,0,0,5480.04,188.176
2026-07-18 01:03:17.681000 UTC,832.216,85.8391,0,0,0,0,5478.47,188.176
2026-07-18 01:03:17.682000 UTC,832.215,85.8394,0,0,0,0,5476.9,188.176
2026-07-18 01:03:17.683000 UTC,832.215,85.8396,0,0,0,0,5475.32,188.176
2026-07-18 01:03:17.684000 UTC,832.215,85.8398,0,0,0,0,5473.75,188.176
2026-07-18 01:03:17.685000 UTC,832.215,85.84,0,0,0,0,5472.18,188.176
2026-07-18 01:03:17.686000 UTC,832.215,85.8402,0,0,0,0,5470.61,188.176
2026-07-18 01:03:17.687000 UTC,832.214,85.8404,0,0,0,0,5469.04,188.176
2026-07-18 01:03:17.688000 UTC,832.214,85.8406,0,0,0,0,5467.46,188.176
2026-07-18 01:03:17.689000 UTC,832.214,85.8409,0,0,0,0,5465.89,188.176
2026-07-18 01:03:17.690000 UTC,832.214,85.8411,0,0,0,0,5464.32,188.176
2026-07-18 01:03:17.691000 UTC,832.213,85.8413,0,0,0,0,5462.75,188.176
2026-07-18 01:03:17.692000 UTC,832.213,85.8415,0,0,0,0,5461.18,188.176
2026-07-18 01:03:17.693000 UTC,832.213,85.8417,0,0,0,0,5459.6,188.176
2026-07-18 01:03:17.694000 UTC,832.213,85.8419,0,0,0,0,5458.03,188.176
2026-07-18 01:03:17.695000 UTC,832.213,85.8421,0,0,0,0,5456.46,188.176
2026-07-18 01:03:17.696000 UTC,832.212,85.8424,0,0,0,0,5454.89,188.176
2026-07-18 01:03:17.697000 UTC,832.212,85.8426,0,0,0,0,5453.32,188.176
2026-07-18 01:03:17.698000 UTC,832.212,85.8428,0,0,0,0,5451.74,188.176
2026-07-18 01:03:17.699000 UTC,832.212,85.843,0,0,0,0,5450.17,188.176
2026-07-18 01:03:17.700000 UTC,832.212,85.8432,0,0,0,0,5448.6,188.176
2026-07-18 01:03:17.701000 UTC,832.211,85.8434,0,0,0,0,5447.03,188.176
2026-07-18 01:03:17.702000 UTC,832.211,85.8436,0,0,0,0,5445.46,188.176
2026-07-18 01:03:17.703000 UTC,832.211,85.8438,0,0,0,0,5443.89,188.176
2026-07-18 01:03:17.704000 UTC,832.211,85.8441,0,0,0,0,5442.31,188.176
2026-07-18 01:03:17.705000 UTC,832.211,85.8443,0,0,0,0,5440.74,188.176
2026-07-18 01:03:17.706000 UTC,832.21,85.8445,0,0,0,0,5439.17,188.176
2026-07-18 01:03:17.707000 UTC,832.21,85.8447,0,0,0,0,5437.6,188.176
2026-07-18 01:03:17.708000 UTC,832.21,85.8449,0,0,0,0,5436.03,188.176
2026-07-18 01:03:17.709000 UTC,832.21,85.8451,0,0,0,0,5434.45,188.176
2026-07-18 01:03:17.710000 UTC,832.209,85.8453,0,0,0,0,5432.88,188.176
2026-07-18 01:03:17.711000 UTC,832.209,85.8455,0,0,0,0,5431.31,188.176
2026-07-18 01:03:17.712000 UTC,832.209,85.8458,0,0,0,0,5429.74,188.176
2026-07-18 01:03:17.713000 UTC,832.209,85.846,0,0,0,0,5428.17,188.176
2026-07-18 01:03:17.714000 UTC,832.209,85.8462,0,0,0,0,5426.59,188.176
2026-07-18 01:03:17.715000 UTC,832.208,85.8464,0,0,0,0,5425.02,188.176
2026-07-18 01:03:17.716000 UTC,832.208,85.8466,0,0,0,0,5423.45,188.176
2026-07-18 01:03:17.717000 UTC,832.208,85.8468,0,0,0,0,5421.88,188.176
2026-07-18 01:03:17.718000 UTC,832.208,85.847,0,0,0,0,5420.31,188.176
2026-07-18 01:03:17.719000 UTC,832.208,85.8472,0,0,0,0,5418.73,188.176
2026-07-18 01:03:17.720000 UTC,832.207,85.8475,0,0,0,0,5417.16,188.176
2026-07-18 01:03:17.721000 UTC,832.207,85.8477,0,0,0,0,5415.59,188.176
2026-07-18 01:03:17.722000 UTC,832.207,85.8479,0,0,0,0,5414.02,188.176
2026-07-18 01:03:17.723000 UTC,832.207,85.8481,0,0,0,0,5412.45,188.176
2026-07-18 01:03:17.724000 UTC,832.207,85.8483,0,0,0,0,5410.87,188.176
2026-07-18 01:03:17.725000 UTC,832.206,85.8485,0,0,0,0,5409.3,188.176
2026-07-18 01:03:17.726000 UTC,832.206,85.8487,0,0,0,0,5407.73,188.176
2026-07-18 01:03:17.727000 UTC,832.206,85.8489,0,0,0,0,5406.16,188.176
2026-07-18 01:03:17.728000 UTC,832.206,85.8492,0,0,0,0,5404.59,188.176
2026-07-18 01:03:17.729000 UTC,832.206,85.8494,0,0,0,0,5403.01,188.176
2026-07-18 01:03:17.730000 UTC,832.205,85.8496,0,0,0,0,5401.44,188.176
2026-07-18 01:03:17.731000 UTC,832.205,85.8498,0,0,0,0,5399.87,188.176
2026-07-18 01:03:17.732000 UTC,832.205,85.85,0,0,0,0,5398.3,188.176
2026-07-18 01:03:17.733000 UTC,832.205,85.8502,0,0,0,0,5396.73,188.176
2026-07-18 01:03:17.734000 UTC,832.205,85.8504,0,0,0,0,5395.15,188.176
2026-07-18 01:03:17.735000 UTC,832.204,85.8506,0,0,0,0,5393.58,188.176
2026-07-18 01:03:17.736000 UTC,832.204,85.8508,0,0,0,0,5392.01,188.176
2026-07-18 01:03:17.737000 UTC,832.204,85.8511,0,0,0,0,5390.44,188.176
2026-07-18 01:03:17.738000 UTC,832.204,85.8513,0,0,0,0,5388.87,188.176
2026-07-18 01:03:17.739000 UTC,832.203,85.8515,0,0,0,0,5387.29,188.176
2026-07-18 01:03:17.740000 UTC,832.203,85.8517,0,0,0,0,5385.72,188.176
2026-07-18 01:03:17.741000 UTC,832.203,85.8519,0,0,0,0,5384.15,188.176
2026-07-18 01:03:17.742000 UTC,832.203,85.8521,0,0,0,0,5382.58,188.176
2026-07-18 01:03:17.743000 UTC,832.203,85.8523,0,0,0,0,5381.01,188.176
2026-07-18 01:03:17.744000 UTC,832.202,85.8525,0,0,0,0,5379.43,188.176
2026-07-18 01:03:17.745000 UTC,832.202,85.8527,0,0,0,0,5377.86,188.176
2026-07-18 01:03:17.746000 UTC,832.202,85.853,0,0,0,0,5376.29,188.176
2026-07-18 01:03:17.747000 UTC,832.202,85.8532,0,0,0,0,5374.72,188.176
2026-07-18 01:03:17.748000 UTC,832.202,85.8534,0,0,0,0,5373.15,188.176
2026-07-18 01:03:17.749000 UTC,832.201,85.8536,0,0,0,0,5371.57,188.176
2026-07-18 01:03:17.750000 UTC,832.201,85.8538,0,0,0,0,5370,188.176
2026-07-18 01:03:17.751000 UTC,832.201,85.854,0,0,0,0,5368.43,188.176
2026-07-18 01:03:17.752000 UTC,832.201,85.8542,0,0,0,0,5366.86,188.176
2026-07-18 01:03:17.753000 UTC,832.201,85.8544,0,0,0,0,5365.29,188.176
2026-07-18 01:03:17.754000 UTC,832.2,85.8546,0,0,0,0,5363.71,188.176
2026-07-18 01:03:17.755000 UTC,832.2,85.8549,0,0,0,0,5362.14,188.176
2026-07-18 01:03:17.756000 UTC,832.2,85.8551,0,0,0,0,5360.57,188.176
2026-07-18 01:03:17.757000 UTC,832.2,85.8553,0,0,0,0,5359,188.176
2026-07-18 01:03:17.758000 UTC,832.2,85.8555,0,0,0,0,5357.43,188.176
2026-07-18 01:03:17.759000 UTC,832.199,85.8557,0,0,0,0,5355.85,188.176
2026-07-18 01:03:17.760000 UTC,832.199,85.8559,0,0,0,0,5354.28,188.176
2026-07-18 01:03:17.761000 UTC,832.199,85.8561,0,0,0,0,5352.71,188.176
2026-07-18 01:03:17.762000 UTC,832.199,85.8563,0,0,0,0,5351.14,188.176
2026-07-18 01:03:17.763000 UTC,832.199,85.8565,0,0,0,0,5349.57,188.176
2026-07-18 01:03:17.764000 UTC,832.198,85.8567,0,0,0,0,5347.99,188.176
2026-07-18 01:03:17.765000 UTC,832.198,85.857,0,0,0,0,5346.42,188.176
2026-07-18 01:03:17.766000 UTC,832.198,85.8572,0,0,0,0,5344.85,188.176
2026-07-18 01:03:17.767000 UTC,832.198,85.8574,0,0,0,0,5343.28,188.176
2026-07-18 01:03:17.768000 UTC,832.198,85.8576,0,0,0,0,5341.71,188.176
2026-07-18 01:03:17.769000 UTC,832.197,85.8578,0,0,0,0,5340.13,188.176
2026-07-18 01:03:17.770000 UTC,832.197,85.858,0,0,0,0,5338.56,188.176
2026-07-18 01:03:17.771000 UTC,832.197,85.8582,0,0,0,0,5336.99,188.176
2026-07-18 01:03:17.772000 UTC,832.197,85.8584,0,0,0,0,5335.42,188.176
2026-07-18 01:03:17.773000 UTC,832.196,85.8586,0,0,0,0,5333.85,188.176
2026-07-18 01:03:17.774000 UTC,832.196,85.8588,0,0,0,0,5332.27,188.176
2026-07-18 01:03:17.775000 UTC,832.196,85.859,0,0,0,0,5330.7,188.176
2026-07-18 01:03:17.776000 UTC,832.196,85.8593,0,0,0,0,5329.13,188.176
2026-07-18 01:03:17.777000 UTC,832.196,85.8595,0,0,0,0,5327.56,188.176
2026-07-18 01:03:17.778000 UTC,832.195,85.8597,0,0,0,0,5325.99,188.176
2026-07-18 01:03:17.779000 UTC,832.195,85.8599,0,0,0,0,5324.41,188.176
2026-07-18 01:03:17.780000 UTC,832.195,85.8601,0,0,0,0,5322.84,188.176
2026-07-18 01:03:17.781000 UTC,832.195,85.8603,0,0,0,0,5321.27,188.176
2026-07-18 01:03:17.782000 UTC,832.195,85.8605,0,0,0,0,5319.7,188.176
2026-07-18 01:03:17.783000 UTC,832.194,85.8607,0,0,0,0,5318.13,188.176
2026-07-18 01:03:17.784000 UTC,832.194,85.8609,0,0,0,0,5316.55,188.176
2026-07-18 01:03:17.785000 UTC,832.194,85.8611,0,0,0,0,5314.98,188.176
2026-07-18 01:03:17.786000 UTC,832.194,85.8613,0,0,0,0,5313.41,188.176
2026-07-18 01:03:17.787000 UTC,832.194,85.8616,0,0,0,0,5311.84,188.176
2026-07-18 01:03:17.788000 UTC,832.193,85.8618,0,0,0,0,5310.26,188.176
2026-07-18 01:03:17.789000 UTC,832.193,85.862,0,0,0,0,5308.69,188.176
2026-07-18 01:03:17.790000 UTC,832.193,85.8622,0,0,0,0,5307.12,188.176
2026-07-18 01:03:17.791000 UTC,832.193,85.8624,0,0,0,0,5305.55,188.176
2026-07-18 01:03:17.792000 UTC,832.193,85.8626,0,0,0,0,5303.98,188.176
2026-07-18 01:03:17.793000 UTC,832.192,85.8628,0,0,0,0,5302.4,188.176
2026-07-18 01:03:17.794000 UTC,832.192,85.863,0,0,0,0,5300.83,188.176
2026-07-18 01:03:17.795000 UTC,832.192,85.8632,0,0,0,0,5299.26,188.176
2026-07-18 01:03:17.796000 UTC,832.192,85.8634,0,0,0,0,5297.69,188.176
2026-07-18 01:03:17.797000 UTC,832.192,85.8636,0,0,0,0,5296.12,188.176
2026-07-18 01:03:17.798000 UTC,832.191,85.8638,0,0,0,0,5294.54,188.176
2026-07-18 01:03:17.799000 UTC,832.191,85.8641,0,0,0,0,5292.97,188.176
2026-07-18 01:03:17.800000 UTC,832.191,85.8643,0,0,0,0,5291.4,188.176
2026-07-18 01:03:17.801000 UTC,832.191,85.8645,0,0,0,0,5289.83,188.176
2026-07-18 01:03:17.802000 UTC,832.191,85.8647,0,0,0,0,5288.26,188.176
2026-07-18 01:03:17.803000 UTC,832.19,85.8649,0,0,0,0,5286.68,188.176
2026-07-18 01:03:17.804000 UTC,832.19,85.8651,0,0,0,0,5285.11,188.176
2026-07-18 01:03:17.805000 UTC,832.19,85.8653,0,0,0,0,5283.54,188.176
2026-07-18 01:03:17.806000 UTC,832.19,85.8655,0,0,0,0,5281.97,188.176
2026-07-18 01:03:17.807000 UTC,832.19,85.8657,0,0,0,0,5280.4,188.176
2026-07-18 01:03:17.808000 UTC,832.189,85.8659,0,0,0,0,5278.82,188.176
2026-07-18 01:03:17.809000 UTC,832.189,85.8661,0,0,0,0,5277.25,188.176
2026-07-18 01:03:17.810000 UTC,832.189,85.8663,0,0,0,0,5275.68,188.176
2026-07-18 01:03:17.811000 UTC,832.189,85.8665,0,0,0,0,5274.11,188.176
2026-07-18 01:03:17.812000 UTC,832.189,85.8668,0,0,0,0,5272.54,188.176
2026-07-18 01:03:17.813000 UTC,832.188,85.867,0,0,0,0,5270.96,188.176
2026-07-18 01:03:17.814000 UTC,832.188,85.8672,0,0,0,0,5269.39,188.176
2026-07-18 01:03:17.815000 UTC,832.188,85.8674,0,0,0,0,5267.82,188.176
2026-07-18 01:03:17.816000 UTC,832.188,85.8676,0,0,0,0,5266.25,188.176
2026-07-18 01:03:17.817000 UTC,832.188,85.8678,0,0,0,0,5264.67,188.176
2026-07-18 01:03:17.818000 UTC,832.187,85.868,0,0,0,0,5263.1,188.176
2026-07-18 01:03:17.819000 UTC,832.187,85.8682,0,0,0,0,5261.53,188.176
2026-07-18 01:03:17.820000 UTC,832.187,85.8684,0,0,0,0,5259.96,188.176
2026-07-18 01:03:17.821000 UTC,832.187,85.8686,0,0,0,0,5258.39,188.176
2026-07-18 01:03:17.822000 UTC,832.187,85.8688,0,0,0,0,5256.81,188.176
2026-07-18 01:03:17.823000 UTC,832.186,85.869,0,0,0,0,5255.24,188.176
2026-07-18 01:03:17.824000 UTC,832.186,85.8692,0,0,0,0,5253.67,188.176
2026-07-18 01:03:17.825000 UTC,832.186,85.8694,0,0,0,0,5252.1,188.176
2026-07-18 01:03:17.826000 UTC,832.186,85.8696,0,0,0,0,5250.53,188.176
2026-07-18 01:03:17.827000 UTC,832.186,85.8699,0,0,0,0,5248.95,188.176
2026-07-18 01:03:17.828000 UTC,832.185,85.8701,0,0,0,0,5247.38,188.176
2026-07-18 01:03:17.829000 UTC,832.185,85.8703,0,0,0,0,5245.81,188.176
2026-07-18 01:03:17.830000 UTC,832.185,85.8705,0,0,0,0,5244.24,188.176
2026-07-18 01:03:17.831000 UTC,832.185,85.8707,0,0,0,0,5242.66,188.176
2026-07-18 01:03:17.832000 UTC,832.185,85.8709,0,0,0,0,5241.09,188.176
2026-07-18 01:03:17.833000 UTC,832.184,85.8711,0,0,0,0,5239.52,188.176
2026-07-18 01:03:17.834000 UTC,832.184,85.8713,0,0,0,0,5237.95,188.176
2026-07-18 01:03:17.835000 UTC,832.184,85.8715,0,0,0,0,5236.38,188.176
2026-07-18 01:03:17.836000 UTC,832.184,85.8717,0,0,0,0,5234.8,188.176
2026-07-18 01:03:17.837000 UTC,832.184,85.8719,0,0,0,0,5233.23,188.176
2026-07-18 01:03:17.838000 UTC,832.183,85.8721,0,0,0,0,5231.66,188.176
2026-07-18 01:03:17.839000 UTC,832.183,85.8723,0,0,0,0,5230.09,188.176
2026-07-18 01:03:17.840000 UTC,832.183,85.8725,0,0,0,0,5228.52,188.176
2026-07-18 01:03:17.841000 UTC,832.183,85.8727,0,0,0,0,5226.94,188.176
2026-07-18 01:03:17.842000 UTC,832.183,85.8729,0,0,0,0,5225.37,188.176
2026-07-18 01:03:17.843000 UTC,832.182,85.8731,0,0,0,0,5223.8,188.176
2026-07-18 01:03:17.844000 UTC,832.182,85.8734,0,0,0,0,5222.23,188.176
2026-07-18 01:03:17.845000 UTC,832.182,85.8736,0,0,0,0,5220.66,188.176
2026-07-18 01:03:17.846000 UTC,832.182,85.8738,0,0,0,0,5219.08,188.176
2026-07-18 01:03:17.847000 UTC,832.181,85.874,0,0,0,0,5217.51,188.176
2026-07-18 01:03:17.848000 UTC,832.181,85.8742,0,0,0,0,5215.94,188.176
2026-07-18 01:03:17.849000 UTC,832.181,85.8744,0,0,0,0,5214.37,188.176
2026-07-18 01:03:17.850000 UTC,832.181,85.8746,0,0,0,0,5212.79,188.176
2026-07-18 01:03:17.851000 UTC,832.181,85.8748,0,0,0,0,5211.22,188.176
2026-07-18 01:03:17.852000 UTC,832.18,85.875,0,0,0,0,5209.65,188.176
2026-07-18 01:03:17.853000 UTC,832.18,85.8752,0,0,0,0,5208.08,188.176
2026-07-18 01:03:17.854000 UTC,832.18,85.8754,0,0,0,0,5206.51,188.176
2026-07-18 01:03:17.855000 UTC,832.18,85.8756,0,0,0,0,5204.93,188.176
2026-07-18 01:03:17.856000 UTC,832.18,85.8758,0,0,0,0,5203.36,188.176
2026-07-18 01:03:17.857000 UTC,832.18,85.876,0,0,0,0,5201.79,188.176
2026-07-18 01:03:17.858000 UTC,832.179,85.8762,0,0,0,0,5200.22,188.176
2026-07-18 01:03:17.859000 UTC,832.179,85.8764,0,0,0,0,5198.65,188.176
2026-07-18 01:03:17.860000 UTC,832.179,85.8766,0,0,0,0,5197.07,188.176
2026-07-18 01:03:17.861000 UTC,832.179,85.8768,0,0,0,0,5195.5,188.176
2026-07-18 01:03:17.862000 UTC,832.179,85.877,0,0,0,0,5193.93,188.176
2026-07-18 01:03:17.863000 UTC,832.178,85.8772,0,0,0,0,5192.36,188.176
2026-07-18 01:03:17.864000 UTC,832.178,85.8774,0,0,0,0,5190.78,188.176
2026-07-18 01:03:17.865000 UTC,832.178,85.8777,0,0,0,0,5189.21,188.176
2026-07-18 01:03:17.866000 UTC,832.178,85.8779,0,0,0,0,5187.64,188.176
2026-07-18 01:03:17.867000 UTC,832.178,85.8781,0,0,0,0,5186.07,188.176
2026-07-18 01:03:17.868000 UTC,832.177,85.8783,0,0,0,0,5184.5,188.176
2026-07-18 01:03:17.869000 UTC,832.177,85.8785,0,0,0,0,5182.92,188.176
2026-07-18 01:03:17.870000 UTC,832.177,85.8787,0,0,0,0,5181.35,188.176
2026-07-18 01:03:17.871000 UTC,832.177,85.8789,0,0,0,0,5179.78,188.176
2026-07-18 01:03:17.872000 UTC,832.177,85.8791,0,0,0,0,5178.21,188.176
2026-07-18 01:03:17.873000 UTC,832.176,85.8793,0,0,0,0,5176.64,188.176
2026-07-18 01:03:17.874000 UTC,832.176,85.8795,0,0,0,0,5175.06,188.176
2026-07-18 01:03:17.875000 UTC,832.176,85.8797,0,0,0,0,5173.49,188.176
2026-07-18 01:03:17.876000 UTC,832.176,85.8799,0,0,0,0,5171.92,188.176
2026-07-18 01:03:17.877000 UTC,832.176,85.8801,0,0,0,0,5170.35,188.176
2026-07-18 01:03:17.878000 UTC,832.175,85.8803,0,0,0,0,5168.77,188.176
2026-07-18 01:03:17.879000 UTC,832.175,85.8805,0,0,0,0,5167.2,188.176
2026-07-18 01:03:17.880000 UTC,832.175,85.8807,0,0,0,0,5165.63,188.176
2026-07-18 01:03:17.881000 UTC,832.175,85.8809,0,0,0,0,5164.06,188.176
2026-07-18 01:03:17.882000 UTC,832.175,85.8811,0,0,0,0,5162.49,188.176
2026-07-18 01:03:17.883000 UTC,832.174,85.8813,0,0,0,0,5160.91,188.176
2026-07-18 01:03:17.884000 UTC,832.174,85.8815,0,0,0,0,5159.34,188.176
2026-07-18 01:03:17.885000 UTC,832.174,85.8817,0,0,0,0,5157.77,188.176
2026-07-18 01:03:17.886000 UTC,832.174,85.8819,0,0,0,0,5156.2,188.176
2026-07-18 01:03:17.887000 UTC,832.174,85.8821,0,0,0,0,5154.62,188.176
2026-07-18 01:03:17.888000 UTC,832.173,85.8823,0,0,0,0,5153.05,188.176
2026-07-18 01:03:17.889000 UTC,832.173,85.8825,0,0,0,0,5151.48,188.176
2026-07-18 01:03:17.890000 UTC,832.173,85.8827,0,0,0,0,5149.91,188.176
2026-07-18 01:03:17.891000 UTC,832.173,85.8829,0,0,0,0,5148.34,188.176
2026-07-18 01:03:17.892000 UTC,832.173,85.8831,0,0,0,0,5146.76,188.176
2026-07-18 01:03:17.893000 UTC,832.172,85.8834,0,0,0,0,5145.19,188.176
2026-07-18 01:03:17.894000 UTC,832.172,85.8836,0,0,0,0,5143.62,188.176
2026-07-18 01:03:17.895000 UTC,832.172,85.8838,0,0,0,0,5142.05,188.176
2026-07-18 01:03:17.896000 UTC,832.172,85.884,0,0,0,0,5140.48,188.176
2026-07-18 01:03:17.897000 UTC,832.172,85.8842,0,0,0,0,5138.9,188.176
2026-07-18 01:03:17.898000 UTC,832.171,85.8844,0,0,0,0,5137.33,188.176
2026-07-18 01:03:17.899000 UTC,832.171,85.8846,0,0,0,0,5135.76,188.176
2026-07-18 01:03:17.900000 UTC,832.171,85.8848,0,0,0,0,5134.19,188.176
2026-07-18 01:03:17.901000 UTC,832.171,85.885,0,0,0,0,5132.62,188.176
2026-07-18 01:03:17.902000 UTC,832.171,85.8852,0,0,0,0,5131.04,188.176
2026-07-18 01:03:17.903000 UTC,832.17,85.8854,0,0,0,0,5129.47,188.176
2026-07-18 01:03:17.904000 UTC,832.17,85.8856,0,0,0,0,5127.9,188.176
2026-07-18 01:03:17.905000 UTC,832.17,85.8858,0,0,0,0,5126.33,188.176
2026-07-18 01:03:17.906000 UTC,832.17,85.886,0,0,0,0,5124.75,188.176
2026-07-18 01:03:17.907000 UTC,832.17,85.8862,0,0,0,0,5123.18,188.176
2026-07-18 01:03:17.908000 UTC,832.169,85.8864,0,0,0,0,5121.61,188.176
2026-07-18 01:03:17.909000 UTC,832.169,85.8866,0,0,0,0,5120.04,188.176
2026-07-18 01:03:17.910000 UTC,832.169,85.8868,0,0,0,0,5118.47,188.176
2026-07-18 01:03:17.911000 UTC,832.169,85.887,0,0,0,0,5116.89,188.176
2026-07-18 01:03:17.912000 UTC,832.169,85.8872,0,0,0,0,5115.32,188.176
2026-07-18 01:03:17.913000 UTC,832.168,85.8874,0,0,0,0,5113.75,188.176
2026-07-18 01:03:17.914000 UTC,832.168,85.8876,0,0,0,0,5112.18,188.176
2026-07-18 01:03:17.915000 UTC,832.168,85.8878,0,0,0,0,5110.6,188.176
2026-07-18 01:03:17.916000 UTC,832.168,85.888,0,0,0,0,5109.03,188.176
2026-07-18 01:03:17.917000 UTC,832.168,85.8882,0,0,0,0,5107.46,188.176
2026-07-18 01:03:17.918000 UTC,832.167,85.8884,0,0,0,0,5105.89,188.176
2026-07-18 01:03:17.919000 UTC,832.167,85.8886,0,0,0,0,5104.32,188.176
2026-07-18 01:03:17.920000 UTC,832.167,85.8888,0,0,0,0,5102.74,188.176
2026-07-18 01:03:17.921000 UTC,832.167,85.889,0,0,0,0,5101.17,188.176
2026-07-18 01:03:17.922000 UTC,832.167,85.8892,0,0,0,0,5099.6,188.176
2026-07-18 01:03:17.923000 UTC,832.166,85.8894,0,0,0,0,5098.03,188.176
2026-07-18 01:03:17.924000 UTC,832.166,85.8896,0,0,0,0,5096.45,188.176
2026-07-18 01:03:17.925000 UTC,832.166,85.8898,0,0,0,0,5094.88,188.176
2026-07-18 01:03:17.926000 UTC,832.166,85.89,0,0,0,0,5093.31,188.176
2026-07-18 01:03:17.927000 UTC,832.166,85.8902,0,0,0,0,5091.74,188.176
2026-07-18 01:03:17.928000 UTC,832.165,85.8904,0,0,0,0,5090.17,188.176
2026-07-18 01:03:17.929000 UTC,832.165,85.8906,0,0,0,0,5088.59,188.176
2026-07-18 01:03:17.930000 UTC,832.165,85.8908,0,0,0,0,5087.02,188.176
2026-07-18 01:03:17.931000 UTC,832.165,85.891,0,0,0,0,5085.45,188.176
2026-07-18 01:03:17.932000 UTC,832.165,85.8912,0,0,0,0,5083.88,188.176
2026-07-18 01:03:17.933000 UTC,832.165,85.8914,0,0,0,0,5082.3,188.176
2026-07-18 01:03:17.934000 UTC,832.164,85.8916,0,0,0,0,5080.73,188.176
2026-07-18 01:03:17.935000 UTC,832.164,85.8918,0,0,0,0,5079.16,188.176
2026-07-18 01:03:17.936000 UTC,832.164,85.892,0,0,0,0,5077.59,188.176
2026-07-18 01:03:17.937000 UTC,832.164,85.8922,0,0,0,0,5076.02,188.176
2026-07-18 01:03:17.938000 UTC,832.164,85.8924,0,0,0,0,5074.44,188.176
2026-07-18 01:03:17.939000 UTC,832.163,85.8926,0,0,0,0,5072.87,188.176
2026-07-18 01:03:17.940000 UTC,832.163,85.8928,0,0,0,0,5071.3,188.176
2026-07-18 01:03:17.941000 UTC,832.163,85.893,0,0,0,0,5069.73,188.176
2026-07-18 01:03:17.942000 UTC,832.163,85.8932,0,0,0,0,5068.15,188.176
2026-07-18 01:03:17.943000 UTC,832.163,85.8934,0,0,0,0,5066.58,188.176
2026-07-18 01:03:17.944000 UTC,832.162,85.8936,0,0,0,0,5065.01,188.176
2026-07-18 01:03:17.945000 UTC,832.162,85.8938,0,0,0,0,5063.44,188.176
2026-07-18 01:03:17.946000 UTC,832.162,85.894,0,0,0,0,5061.87,188.176
2026-07-18 01:03:17.947000 UTC,832.162,85.8942,0,0,0,0,5060.29,188.176
2026-07-18 01:03:17.948000 UTC,832.162,85.8944,0,0,0,0,5058.72,188.176
2026-07-18 01:03:17.949000 UTC,832.161,85.8946,0,0,0,0,5057.15,188.176
2026-07-18 01:03:17.950000 UTC,832.161,85.8948,0,0,0,0,5055.58,188.176
2026-07-18 01:03:17.951000 UTC,832.161,85.895,0,0,0,0,5054,188.176
2026-07-18 01:03:17.952000 UTC,832.161,85.8952,0,0,0,0,5052.43,188.176
2026-07-18 01:03:17.953000 UTC,832.161,85.8954,0,0,0,0,5050.86,188.176
2026-07-18 01:03:17.954000 UTC,832.16,85.8956,0,0,0,0,5049.29,188.176
2026-07-18 01:03:17.955000 UTC,832.16,85.8958,0,0,0,0,5047.71,188.176
2026-07-18 01:03:17.956000 UTC,832.16,85.896,0,0,0,0,5046.14,188.176
2026-07-18 01:03:17.957000 UTC,832.16,85.8962,0,0,0,0,5044.57,188.176
2026-07-18 01:03:17.958000 UTC,832.16,85.8964,0,0,0,0,5043,188.176
2026-07-18 01:03:17.959000 UTC,832.159,85.8966,0,0,0,0,5041.43,188.176
2026-07-18 01:03:17.960000 UTC,832.159,85.8968,0,0,0,0,5039.85,188.176
2026-07-18 01:03:17.961000 UTC,832.159,85.897,0,0,0,0,5038.28,188.176
2026-07-18 01:03:17.962000 UTC,832.159,85.8972,0,0,0,0,5036.71,188.176
2026-07-18 01:03:17.963000 UTC,832.159,85.8974,0,0,0,0,5035.14,188.176
2026-07-18 01:03:17.964000 UTC,832.158,85.8976,0,0,0,0,5033.57,188.176
2026-07-18 01:03:17.965000 UTC,832.158,85.8978,0,0,0,0,5031.99,188.176
2026-07-18 01:03:17.966000 UTC,832.158,85.898,0,0,0,0,5030.42,188.176
2026-07-18 01:03:17.967000 UTC,832.158,85.8982,0,0,0,0,5028.85,188.176
2026-07-18 01:03:17.968000 UTC,832.158,85.8984,0,0,0,0,5027.28,188.176
2026-07-18 01:03:17.969000 UTC,832.158,85.8986,0,0,0,0,5025.7,188.176
2026-07-18 01:03:17.970000 UTC,832.157,85.8988,0,0,0,0,5024.13,188.176
2026-07-18 01:03:17.971000 UTC,832.157,85.899,0,0,0,0,5022.56,188.176
2026-07-18 01:03:17.972000 UTC,832.157,85.8992,0,0,0,0,5020.99,188.176
2026-07-18 01:03:17.973000 UTC,832.157,85.8994,0,0,0,0,5019.41,188.176
2026-07-18 01:03:17.974000 UTC,832.157,85.8996,0,0,0,0,5017.84,188.176
2026-07-18 01:03:17.975000 UTC,832.156,85.8998,0,0,0,0,5016.27,188.176
2026-07-18 01:03:17.976000 UTC,832.156,85.9,0,0,0,0,5014.7,188.176
2026-07-18 01:03:17.977000 UTC,832.156,85.9002,0,0,0,0,5013.13,188.176
2026-07-18 01:03:17.978000 UTC,832.156,85.9004,0,0,0,0,5011.55,188.176
2026-07-18 01:03:17.979000 UTC,832.156,85.9006,0,0,0,0,5009.98,188.176
2026-07-18 01:03:17.980000 UTC,832.155,85.9008,0,0,0,0,5008.41,188.176
2026-07-18 01:03:17.981000 UTC,832.155,85.901,0,0,0,0,5006.84,188.176
2026-07-18 01:03:17.982000 UTC,832.155,85.9012,0,0,0,0,5005.26,188.176
2026-07-18 01:03:17.983000 UTC,832.155,85.9014,0,0,0,0,5003.69,188.176
2026-07-18 01:03:17.984000 UTC,832.155,85.9016,0,0,0,0,5002.12,188.176
2026-07-18 01:03:17.985000 UTC,832.154,85.9018,0,0,0,0,5000.55,188.176
2026-07-18 01:03:17.986000 UTC,832.154,85.902,0,0,0,0,4998.98,188.176
2026-07-18 01:03:17.987000 UTC,832.154,85.9022,0,0,0,0,4997.4,188.176
2026-07-18 01:03:17.988000 UTC,832.154,85.9024,0,0,0,0,4995.83,188.176
2026-07-18 01:03:17.989000 UTC,832.154,85.9026,0,0,0,0,4994.26,188.176
2026-07-18 01:03:17.990000 UTC,832.153,85.9028,0,0,0,0,4992.69,188.176
2026-07-18 01:03:17.991000 UTC,832.153,85.903,0,0,0,0,4991.11,188.176
2026-07-18 01:03:17.992000 UTC,832.153,85.9032,0,0,0,0,4989.54,188.176
2026-07-18 01:03:17.993000 UTC,832.153,85.9033,0,0,0,0,4987.97,188.176
2026-07-18 01:03:17.994000 UTC,832.153,85.9035,0,0,0,0,4986.4,188.176
2026-07-18 01:03:17.995000 UTC,832.153,85.9037,0,0,0,0,4984.82,188.176
2026-07-18 01:03:17.996000 UTC,832.152,85.9039,0,0,0,0,4983.25,188.176
2026-07-18 01:03:17.997000 UTC,832.152,85.9041,0,0,0,0,4981.68,188.176
2026-07-18 01:03:17.998000 UTC,832.152,85.9043,0,0,0,0,4980.11,188.176
2026-07-18 01:03:17.999000 UTC,832.152,85.9045,0,0,0,0,4978.54,188.176
2026-07-18 01:03:18.000000 UTC,832.152,85.9047,0,0,0,0,4976.96,188.176
2026-07-18 01:03:18.001000 UTC,832.151,85.9049,0,0,0,0,4975.39,188.176
2026-07-18 01:03:18.002000 UTC,832.151,85.9051,0,0,0,0,4973.82,188.176
2026-07-18 01:03:18.003000 UTC,832.151,85.9053,0,0,0,0,4972.25,188.176
2026-07-18 01:03:18.004000 UTC,832.151,85.9055,0,0,0,0,4970.67,188.176
2026-07-18 01:03:18.005000 UTC,832.151,85.9057,0,0,0,0,4969.1,188.176
2026-07-18 01:03:18.006000 UTC,832.15,85.9059,0,0,0,0,4967.53,188.176
2026-07-18 01:03:18.007000 UTC,832.15,85.9061,0,0,0,0,4965.96,188.176
2026-07-18 01:03:18.008000 UTC,832.15,85.9063,0,0,0,0,4964.38,188.176
2026-07-18 01:03:18.009000 UTC,832.15,85.9065,0,0,0,0,4962.81,188.176
2026-07-18 01:03:18.010000 UTC,832.15,85.9067,0,0,0,0,4961.24,188.176
2026-07-18 01:03:18.011000 UTC,832.149,85.9069,0,0,0,0,4959.67,188.176
2026-07-18 01:03:18.012000 UTC,832.149,85.9071,0,0,0,0,4958.1,188.176
2026-07-18 01:03:18.013000 UTC,832.149,85.9073,0,0,0,0,4956.52,188.176
2026-07-18 01:03:18.014000 UTC,832.149,85.9075,0,0,0,0,4954.95,188.176
2026-07-18 01:03:18.015000 UTC,832.149,85.9077,0,0,0,0,4953.38,188.176
2026-07-18 01:03:18.016000 UTC,832.149,85.9079,0,0,0,0,4951.81,188.176
2026-07-18 01:03:18.017000 UTC,832.148,85.9081,0,0,0,0,4950.23,188.176
2026-07-18 01:03:18.018000 UTC,832.148,85.9083,0,0,0,0,4948.66,188.176
2026-07-18 01:03:18.019000 UTC,832.148,85.9085,0,0,0,0,4947.09,188.176
2026-07-18 01:03:18.020000 UTC,832.148,85.9087,0,0,0,0,4945.52,188.176
2026-07-18 01:03:18.021000 UTC,832.148,85.9088,0,0,0,0,4943.94,188.176
2026-07-18 01:03:18.022000 UTC,832.147,85.909,0,0,0,0,4942.37,188.176
2026-07-18 01:03:18.023000 UTC,832.147,85.9092,0,0,0,0,4940.8,188.176
2026-07-18 01:03:18.024000 UTC,832.147,85.9094,0,0,0,0,4939.23,188.176
2026-07-18 01:03:18.025000 UTC,832.147,85.9096,0,0,0,0,4937.65,188.176
2026-07-18 01:03:18.026000 UTC,832.147,85.9098,0,0,0,0,4936.08,188.176
2026-07-18 01:03:18.027000 UTC,832.146,85.91,0,0,0,0,4934.51,188.176
2026-07-18 01:03:18.028000 UTC,832.146,85.9102,0,0,0,0,4932.94,188.176
2026-07-18 01:03:18.029000 UTC,832.146,85.9104,0,0,0,0,4931.37,188.176
2026-07-18 01:03:18.030000 UTC,832.146,85.9106,0,0,0,0,4929.79,188.176
2026-07-18 01:03:18.031000 UTC,832.146,85.9108,0,0,0,0,4928.22,188.176
2026-07-18 01:03:18.032000 UTC,832.145,85.911,0,0,0,0,4926.65,188.176
2026-07-18 01:03:18.033000 UTC,832.145,85.9112,0,0,0,0,4925.08,188.176
2026-07-18 01:03:18.034000 UTC,832.145,85.9114,0,0,0,0,4923.5,188.176
2026-07-18 01:03:18.035000 UTC,832.145,85.9116,0,0,0,0,4921.93,188.176
2026-07-18 01:03:18.036000 UTC,832.145,85.9118,0,0,0,0,4920.36,188.176
2026-07-18 01:03:18.037000 UTC,832.145,85.912,0,0,0,0,4918.79,188.176
2026-07-18 01:03:18.038000 UTC,832.144,85.9122,0,0,0,0,4917.22,188.176
2026-07-18 01:03:18.039000 UTC,832.144,85.9124,0,0,0,0,4915.64,188.176
2026-07-18 01:03:18.040000 UTC,832.144,85.9126,0,0,0,0,4914.07,188.176
2026-07-18 01:03:18.041000 UTC,832.144,85.9127,0,0,0,0,4912.5,188.176
2026-07-18 01:03:18.042000 UTC,832.144,85.9129,0,0,0,0,4910.93,188.176
2026-07-18 01:03:18.043000 UTC,832.143,85.9131,0,0,0,0,4909.35,188.176
2026-07-18 01:03:18.044000 UTC,832.143,85.9133,0,0,0,0,4907.78,188.176
2026-07-18 01:03:18.045000 UTC,832.143,85.9135,0,0,0,0,4906.21,188.176
2026-07-18 01:03:18.046000 UTC,832.143,85.9137,0,0,0,0,4904.64,188.176
2026-07-18 01:03:18.047000 UTC,832.143,85.9139,0,0,0,0,4903.06,188.176
2026-07-18 01:03:18.048000 UTC,832.142,85.9141,0,0,0,0,4901.49,188.176
2026-07-18 01:03:18.049000 UTC,832.142,85.9143,0,0,0,0,4899.92,188.176
2026-07-18 01:03:18.050000 UTC,832.142,85.9145,0,0,0,0,4898.35,188.176
2026-07-18 01:03:18.051000 UTC,832.142,85.9147,0,0,0,0,4896.77,188.176
2026-07-18 01:03:18.052000 UTC,832.142,85.9149,0,0,0,0,4895.2,188.176
2026-07-18 01:03:18.053000 UTC,832.142,85.9151,0,0,0,0,4893.63,188.176
2026-07-18 01:03:18.054000 UTC,832.141,85.9153,0,0,0,0,4892.06,188.176
2026-07-18 01:03:18.055000 UTC,832.141,85.9155,0,0,0,0,4890.49,188.176
2026-07-18 01:03:18.056000 UTC,832.141,85.9157,0,0,0,0,4888.91,188.176
2026-07-18 01:03:18.057000 UTC,832.141,85.9159,0,0,0,0,4887.34,188.176
2026-07-18 01:03:18.058000 UTC,832.141,85.916,0,0,0,0,4885.77,188.176
2026-07-18 01:03:18.059000 UTC,832.14,85.9162,0,0,0,0,4884.2,188.176
2026-07-18 01:03:18.060000 UTC,832.14,85.9164,0,0,0,0,4882.62,188.176
2026-07-18 01:03:18.061000 UTC,832.14,85.9166,0,0,0,0,4881.05,188.176
2026-07-18 01:03:18.062000 UTC,832.14,85.9168,0,0,0,0,4879.48,188.176
2026-07-18 01:03:18.063000 UTC,832.14,85.917,0,0,0,0,4877.91,188.176
2026-07-18 01:03:18.064000 UTC,832.139,85.9172,0,0,0,0,4876.33,188.176
2026-07-18 01:03:18.065000 UTC,832.139,85.9174,0,0,0,0,4874.76,188.176
2026-07-18 01:03:18.066000 UTC,832.139,85.9176,0,0,0,0,4873.19,188.176
2026-07-18 01:03:18.067000 UTC,832.139,85.9178,0,0,0,0,4871.62,188.176
2026-07-18 01:03:18.068000 UTC,832.139,85.918,0,0,0,0,4870.04,188.176
2026-07-18 01:03:18.069000 UTC,832.139,85.9182,0,0,0,0,4868.47,188.176
2026-07-18 01:03:18.070000 UTC,832.138,85.9184,0,0,0,0,4866.9,188.176
2026-07-18 01:03:18.071000 UTC,832.138,85.9186,0,0,0,0,4865.33,188.176
2026-07-18 01:03:18.072000 UTC,832.138,85.9187,0,0,0,0,4863.75,188.176
2026-07-18 01:03:18.073000 UTC,832.138,85.9189,0,0,0,0,4862.18,188.176
2026-07-18 01:03:18.074000 UTC,832.138,85.9191,0,0,0,0,4860.61,188.176
2026-07-18 01:03:18.075000 UTC,832.137,85.9193,0,0,0,0,4859.04,188.176
2026-07-18 01:03:18.076000 UTC,832.137,85.9195,0,0,0,0,4857.47,188.176
2026-07-18 01:03:18.077000 UTC,832.137,85.9197,0,0,0,0,4855.89,188.176
2026-07-18 01:03:18.078000 UTC,832.137,85.9199,0,0,0,0,4854.32,188.176
2026-07-18 01:03:18.079000 UTC,832.137,85.9201,0,0,0,0,4852.75,188.176
2026-07-18 01:03:18.080000 UTC,832.136,85.9203,0,0,0,0,4851.18,188.176
2026-07-18 01:03:18.081000 UTC,832.136,85.9205,0,0,0,0,4849.6,188.176
2026-07-18 01:03:18.082000 UTC,832.136,85.9207,0,0,0,0,4848.03,188.176
2026-07-18 01:03:18.083000 UTC,832.136,85.9209,0,0,0,0,4846.46,188.176
2026-07-18 01:03:18.084000 UTC,832.136,85.9211,0,0,0,0,4844.89,188.176
2026-07-18 01:03:18.085000 UTC,832.136,85.9212,0,0,0,0,4843.31,188.176
2026-07-18 01:03:18.086000 UTC,832.135,85.9214,0,0,0,0,4841.74,188.176
2026-07-18 01:03:18.087000 UTC,832.135,85.9216,0,0,0,0,4840.17,188.176
2026-07-18 01:03:18.088000 UTC,832.135,85.9218,0,0,0,0,4838.6,188.176
2026-07-18 01:03:18.089000 UTC,832.135,85.922,0,0,0,0,4837.02,188.176
2026-07-18 01:03:18.090000 UTC,832.135,85.9222,0,0,0,0,4835.45,188.176
2026-07-18 01:03:18.091000 UTC,832.134,85.9224,0,0,0,0,4833.88,188.176
2026-07-18 01:03:18.092000 UTC,832.134,85.9226,0,0,0,0,4832.31,188.176
2026-07-18 01:03:18.093000 UTC,832.134,85.9228,0,0,0,0,4830.73,188.176
